win_s,fold,severity,mask_seed,structured,iid,rho
1.0,0,1,0,0.6388270732535085,0.7537176992413067,0.08744847192608386
1.0,0,1,1,0.7336123141520664,0.7461781299363347,0.04095711916607439
1.0,0,1,2,0.6998971110207742,0.7436506365494888,0.05150438284766643
1.0,0,3,0,0.735934729324416,0.7363168258866976,0.14656242596541105
1.0,0,3,1,0.6734664760171181,0.7478246089452577,0.11763089315328121
1.0,0,3,2,0.675420554093474,0.745922309044338,0.10638237384506041
1.0,0,10,0,0.549470482746474,0.63563209377495,0.3307652215114902
1.0,0,10,1,0.6485544990844266,0.6743933858171451,0.2562046908315565
1.0,0,10,2,0.6625556052782245,0.6823268340651497,0.27361288794124616
1.0,0,30,0,0.5072901486115726,0.5068388333613733,0.5341388296612177
1.0,0,30,1,0.42826689807345497,0.5122084811068672,0.5186638237384507
1.0,0,30,2,0.48692714083203786,0.5043660359832985,0.5247950722577588
1.0,1,1,0,0.8481446498857678,0.8653150036152685,0.04247463499133878
1.0,1,1,1,0.8375249553586356,0.8638754507789889,0.047988121752041576
1.0,1,1,2,0.8436167950673664,0.870020567326642,0.028428606780499875
1.0,1,3,0,0.8623288088997896,0.8585199984211572,0.0872556297946053
1.0,1,3,1,0.7523042103291947,0.8501181479532729,0.11524870081662955
1.0,1,3,2,0.8048052369977475,0.8661748926052781,0.08051472407819847
1.0,1,10,0,0.6760306310346218,0.8140822942226484,0.1899628804751299
1.0,1,10,1,0.6632182901113192,0.7151390942950764,0.32378124226676563
1.0,1,10,2,0.5183597375016736,0.7580164264195655,0.2896609750061866
1.0,1,30,0,0.5067930169143046,0.566619060082622,0.4503439742637961
1.0,1,30,1,0.40502852929131844,0.5111837252065746,0.49727295223954465
1.0,1,30,2,0.4427617631262828,0.48976086337087427,0.5245236327641672
1.0,2,1,0,0.7068311825983612,0.70835971566837,0.019146741678387248
1.0,2,1,1,0.7165431254170279,0.7678909193897155,0.0769620253164557
1.0,2,1,2,0.6770943757708411,0.7399627455047245,0.0423159868729489
1.0,2,3,0,0.6274968765094394,0.7870587503386064,0.13197374589779653
1.0,2,3,1,0.6647649692442726,0.7789289862904155,0.1127332395686826
1.0,2,3,2,0.6555197795762358,0.784292691120076,0.10144397562119081
1.0,2,10,0,0.5192974348975281,0.8006506033825528,0.2641912798874824
1.0,2,10,1,0.5967304666444585,0.7725648457420266,0.23084857008907642
1.0,2,10,2,0.5976333101933937,0.7995491692691098,0.2506610407876231
1.0,2,30,0,0.42457394707467105,0.5764590469871834,0.5386216596343179
1.0,2,30,1,0.44188113087470726,0.6704314999849558,0.4795874355368026
1.0,2,30,2,0.45518509310425775,0.6427128817819489,0.49454289732770745
1.0,3,1,0,0.8589140473253744,0.8665961620264063,0.03125235404896422
1.0,3,1,1,0.8331390375746167,0.8689653526558886,0.04294726930320151
1.0,3,1,2,0.850001870131783,0.8680098915423057,0.032645951035781544
1.0,3,3,0,0.8285958902502966,0.8706633385195937,0.06610169491525424
1.0,3,3,1,0.8401185972776237,0.8693946079653841,0.08712806026365348
1.0,3,3,2,0.7788662392162142,0.8743240391372323,0.10631826741996234
1.0,3,10,0,0.6866188011586072,0.8717370331014779,0.22234463276836158
1.0,3,10,1,0.6980081392347951,0.8727484457454032,0.2125517890772128
1.0,3,10,2,0.7505237555272363,0.8693082656430295,0.24017890772128062
1.0,3,30,0,0.5431001853850995,0.7933685355132485,0.4465348399246704
1.0,3,30,1,0.5450459133605138,0.7333155998928597,0.48188323917137477
1.0,3,30,2,0.5440015935695012,0.7905150469705572,0.4609227871939736
1.0,4,1,0,0.917293499453935,0.9612376387886802,0.03640047114252061
1.0,4,1,1,0.9314132459501451,0.9574012091627001,0.03039811542991755
1.0,4,1,2,0.9335437405552224,0.9538791708638031,0.02939929328621908
1.0,4,3,0,0.8613350334815318,0.9412732207427404,0.10040989399293286
1.0,4,3,1,0.892230858807748,0.9482766066925676,0.08019787985865724
1.0,4,3,2,0.9093496217253261,0.954292502378656,0.0652343934040047
1.0,4,10,0,0.7001406816633278,0.8846386067028078,0.2464452296819788
1.0,4,10,1,0.7801864501343502,0.9126770012299099,0.18443345111896348
1.0,4,10,2,0.7276160002059844,0.8824824112772635,0.21626383981154298
1.0,4,30,0,0.4992551668737641,0.7060991384022229,0.4711519434628975
1.0,4,30,1,0.5494445706970593,0.7628846348197932,0.4270812720848057
1.0,4,30,2,0.5262522368188608,0.7189596660280398,0.4387090694935218
1.0,5,1,0,0.7798055031487804,0.8325772639254646,0.06207167403043692
1.0,5,1,1,0.8192653377671663,0.8350451377534241,0.03374570446735395
1.0,5,1,2,0.8354161888185195,0.8388318526939189,0.03727049582719686
1.0,5,3,0,0.7792442501877576,0.8287881461942498,0.09475699558173785
1.0,5,3,1,0.79723481853026,0.8371665409993678,0.08833578792341679
1.0,5,3,2,0.7616259667356632,0.8177580737937477,0.1523514972999509
1.0,5,10,0,0.580054868241218,0.7549016792216326,0.29713303878252334
1.0,5,10,1,0.6998686774820975,0.7922086076444151,0.23304860088365242
1.0,5,10,2,0.6921783141405641,0.7571586478801136,0.28135493372606774
1.0,5,30,0,0.5467961322712948,0.6187654194820684,0.4993028964162985
1.0,5,30,1,0.5667359816697247,0.6213903084275358,0.47503190967108494
1.0,5,30,2,0.49499674809508837,0.6106787386217708,0.5026018654884634
1.0,6,1,0,0.813616602534221,0.8633430312323189,0.04857512283423843
1.0,6,1,1,0.813374102115322,0.8639571492809934,0.03251099043185932
1.0,6,1,2,0.8370079635306661,0.8598739692836929,0.08855443496250323
1.0,6,3,0,0.7376008149942298,0.8521540946565055,0.10930437031290406
1.0,6,3,1,0.7705086737259452,0.8569524388346776,0.09729506077062322
1.0,6,3,2,0.6499529141064279,0.8465198789248918,0.19837600206878717
1.0,6,10,0,0.6552606126475026,0.8311770680236589,0.2438582880786139
1.0,6,10,1,0.687250928028524,0.8350155746272376,0.22929402637703647
1.0,6,10,2,0.6297698193437552,0.8202989975789992,0.3084354797000259
1.0,6,30,0,0.4212917124514182,0.6078027565965042,0.5321230928368245
1.0,6,30,1,0.4937228848149493,0.7594061148541301,0.43031807602792865
1.0,6,30,2,0.35785326084247854,0.6133199089090132,0.5350711145590897
1.0,7,1,0,0.8471429265778281,0.8758691159629698,0.014442822384428225
1.0,7,1,1,0.8212983392937253,0.868239465469896,0.06511922141119221
1.0,7,1,2,0.8423618337104147,0.8729243612946339,0.034034063260340634
1.0,7,3,0,0.7963601813814014,0.8555249664739669,0.08229683698296837
1.0,7,3,1,0.7283597528490033,0.8199528293410262,0.13386861313868614
1.0,7,3,2,0.8431186546786164,0.8652630165458889,0.05937712895377129
1.0,7,10,0,0.7586282686630309,0.7203270545491643,0.248661800486618
1.0,7,10,1,0.6292049973456981,0.6983829967051304,0.28821411192214114
1.0,7,10,2,0.7509932258138675,0.7320573404587511,0.23816058394160583
1.0,7,30,0,0.53020237623503,0.5980784901849998,0.4588905109489051
1.0,7,30,1,0.43927692025210896,0.541379300820462,0.5228807785888078
1.0,7,30,2,0.4982817341687978,0.6029983988398722,0.4612652068126521
1.0,8,1,0,0.6768876150296528,0.6989786674437893,0.05423220973782771
1.0,8,1,1,0.6915228218968793,0.702502029202678,0.01644943820224719
1.0,8,1,2,0.6851764191628806,0.6942601082450676,0.05169538077403246
1.0,8,3,0,0.6255812036092726,0.6759897107733543,0.13598002496878903
1.0,8,3,1,0.6809590534584267,0.6904416985522178,0.07409737827715356
1.0,8,3,2,0.6951188576687158,0.6790748624465678,0.11154057428214731
1.0,8,10,0,0.5369716281172107,0.58611214866194,0.31467665418227214
1.0,8,10,1,0.6687190739629467,0.6352963800145798,0.1866367041198502
1.0,8,10,2,0.5936931505761268,0.6374582308029332,0.22114357053682895
1.0,8,30,0,0.4930729889194477,0.4043030925034743,0.5324044943820224
1.0,8,30,1,0.47039402718775164,0.4908819626745134,0.4492084893882647
1.0,8,30,2,0.4440544464515555,0.46856472251050857,0.4795106117353308
1.0,9,1,0,0.821065792339596,0.8508072913392165,0.04486787878787879
1.0,9,1,1,0.7948946608959956,0.8486735059117613,0.055505454545454545
1.0,9,1,2,0.8562827342643208,0.8494412308024711,0.030661818181818182
1.0,9,3,0,0.7714001242688981,0.853663422934927,0.08107636363636364
1.0,9,3,1,0.8428450422032117,0.8492290309730604,0.10111030303030304
1.0,9,3,2,0.7814948641804763,0.8536476223450548,0.07579151515151515
1.0,9,10,0,0.7505626769754512,0.8564923797358767,0.20661333333333334
1.0,9,10,1,0.7346043814931361,0.8495985522636126,0.22331151515151515
1.0,9,10,2,0.7078471673474677,0.8535078826665544,0.1971781818181818
1.0,9,30,0,0.5554145476050077,0.8211147003782261,0.4656678787878788
1.0,9,30,1,0.6145805251656152,0.8196733979736935,0.4430545454545455
1.0,9,30,2,0.6259407358924665,0.8252817425203548,0.4512193939393939
4.0,0,1,0,0.6559064409482162,0.6999439920546869,0.08713881019830029
4.0,0,1,1,0.6580552672857429,0.7266278407582756,0.04081208687440982
4.0,0,1,2,0.6929585216867079,0.7107821749126098,0.05132200188857413
4.0,0,3,0,0.7209557217805114,0.6484585237364994,0.14681775259678942
4.0,0,3,1,0.6810312116404754,0.6918055708760894,0.11730878186968839
4.0,0,3,2,0.6294631828222051,0.6838259232867259,0.1060056657223796
4.0,0,10,0,0.4544755481851179,0.5140199030277013,0.3293767705382436
4.0,0,10,1,0.5726899099482131,0.5791167211909561,0.25606232294617565
4.0,0,10,2,0.5952599604238104,0.5610573045719026,0.2746175637393768
4.0,0,30,0,0.3222124404224496,0.1399580277980377,0.535561850802644
4.0,0,30,1,0.34785569396676186,0.19571354013056244,0.5168555240793201
4.0,0,30,2,0.34402389954262613,0.17457168809236678,0.5278186968838527
4.0,1,1,0,0.822371981711012,0.8394745635154842,0.042569444444444444
4.0,1,1,1,0.8231956895147757,0.8448005698005697,0.048095238095238094
4.0,1,1,2,0.8449760933542406,0.8317097276233215,0.028492063492063492
4.0,1,3,0,0.8275519855548636,0.832692668676189,0.08725198412698412
4.0,1,3,1,0.7360310251656891,0.8326036430272836,0.11448412698412698
4.0,1,3,2,0.7923828956835758,0.8456922347102612,0.08069444444444444
4.0,1,10,0,0.7385030607715991,0.8332111599804523,0.18761904761904763
4.0,1,10,1,0.6837307729561527,0.8043229367479717,0.32438492063492064
4.0,1,10,2,0.61805898335461,0.8269368206709582,0.2904563492063492
4.0,1,30,0,0.5455562933270715,0.5470458182928403,0.4502876984126984
4.0,1,30,1,0.4640610925173137,0.4985670327184532,0.4976388888888889
4.0,1,30,2,0.4079681630960506,0.4811062444619149,0.5247519841269841
4.0,2,1,0,0.8844267397200608,0.8950575994054254,0.019013035381750466
4.0,2,1,1,0.8641168353543226,0.8603927524687464,0.07642458100558659
4.0,2,1,2,0.861026606512553,0.8880736714975845,0.04202048417132216
4.0,2,3,0,0.7319921162625497,0.8395677975507767,0.13105214152700187
4.0,2,3,1,0.7922397275871645,0.8623514283184449,0.11194599627560521
4.0,2,3,2,0.7913550123036487,0.8291447982756447,0.10083798882681565
4.0,2,10,0,0.6194428960014127,0.7711073687768603,0.263268156424581
4.0,2,10,1,0.5941001547553093,0.8035507737855321,0.2313687150837989
4.0,2,10,2,0.578548469642697,0.7736892014304035,0.24909683426443202
4.0,2,30,0,0.34946382435424206,0.39787509585697567,0.5360428305400372
4.0,2,30,1,0.4106695405109917,0.47890582973549795,0.477756052141527
4.0,2,30,2,0.44836606816844243,0.44421346282505175,0.4911080074487896
4.0,3,1,0,0.8776315789473683,0.8882783882783882,0.03134088762983947
4.0,3,1,1,0.8821401159667165,0.8876068376068376,0.043068932955618505
4.0,3,1,2,0.887034607183861,0.8882783882783882,0.03273843248347497
4.0,3,3,0,0.8611542838844862,0.8882783882783882,0.06628895184135977
4.0,3,3,1,0.8851506686875519,0.8876068376068376,0.0873748819641171
4.0,3,3,2,0.8275270022261805,0.8876068376068376,0.10661945231350331
4.0,3,10,0,0.6987510306245568,0.8882783882783882,0.22297450424929177
4.0,3,10,1,0.7851293272747805,0.8882783882783882,0.21311614730878187
4.0,3,10,2,0.7654287311229405,0.8882783882783882,0.23991501416430594
4.0,3,30,0,0.4998520725569769,0.7522086136439912,0.44728045325779037
4.0,3,30,1,0.5252349492937453,0.7357898574491625,0.4813597733711048
4.0,3,30,2,0.5311312469856225,0.7415502246090493,0.46142587346553354
4.0,4,1,0,0.9446819154184034,0.9776556776556777,0.03647780925401322
4.0,4,1,1,0.9356717976041787,0.9806874717322479,0.030462700661000944
4.0,4,1,2,0.9431064702168581,0.9726113505747126,0.029461756373937678
4.0,4,3,0,0.8759817637638898,0.9753833736884584,0.10062322946175638
4.0,4,3,1,0.8650491545220763,0.9835668103448275,0.08036827195467422
4.0,4,3,2,0.9221333450121608,0.9726113505747126,0.06537299338999056
4.0,4,10,0,0.6642628516867372,0.9614127087036229,0.24578847969782813
4.0,4,10,1,0.767295617370359,0.9837141951804814,0.18439093484419264
4.0,4,10,2,0.6991768135680809,0.9724988445327428,0.2162795089707271
4.0,4,30,0,0.4247079502506872,0.6908003525269931,0.47144475920679885
4.0,4,30,1,0.5251938591496083,0.7172247342189025,0.4291595845136922
4.0,4,30,2,0.43841260573749036,0.6802845280554638,0.4396978281397545
4.0,5,1,0,0.802279674636513,0.8734443330835236,0.06126937984496124
4.0,5,1,1,0.8583434435248817,0.8815912356321839,0.03330426356589147
4.0,5,1,2,0.8765340528076294,0.8788897380948812,0.036782945736434106
4.0,5,3,0,0.8462201939683857,0.8706916674715863,0.10982558139534884
4.0,5,3,1,0.8398111719216016,0.8761755485893418,0.08776162790697674
4.0,5,3,2,0.7750323530397975,0.8534596665631149,0.15035852713178294
4.0,5,10,0,0.6061730644934998,0.7492053505685803,0.2976065891472868
4.0,5,10,1,0.7649454320751934,0.8157408705313106,0.23436046511627906
4.0,5,10,2,0.673205853440403,0.7708145460630401,0.27767441860465114
4.0,5,30,0,0.5248001598934473,0.6225679012548765,0.49296511627906975
4.0,5,30,1,0.6389606556689088,0.6237498944654766,0.4803100775193798
4.0,5,30,2,0.5084901183705063,0.6319114915949745,0.5031589147286821
4.0,6,1,0,0.8463202252747838,0.8708333333333332,0.048312757201646093
4.0,6,1,1,0.8573779622097137,0.8675213675213675,0.032335390946502056
4.0,6,1,2,0.8751007252215954,0.8784313725490196,0.08813786008230452
4.0,6,3,0,0.8023259770669595,0.87984496124031,0.10871399176954732
4.0,6,3,1,0.8397809985255161,0.8812260536398467,0.09713991769547325
4.0,6,3,2,0.6641277625432555,0.8888888888888888,0.1973045267489712
4.0,6,10,0,0.7375091733684842,0.8888888888888888,0.24631687242798353
4.0,6,10,1,0.7815622922653559,0.8888888888888888,0.229619341563786
4.0,6,10,2,0.7423203098010428,0.8888888888888888,0.30676954732510286
4.0,6,30,0,0.41231308453114907,0.7291949351828423,0.5304938271604939
4.0,6,30,1,0.6267798314080651,0.8649225170964301,0.43
4.0,6,30,2,0.430457164578722,0.7280271495000329,0.5355658436213991
4.0,7,1,0,0.8368414594872587,0.8936534918860738,0.014506353861192572
4.0,7,1,1,0.8363352627397571,0.8743725726681681,0.06540566959921798
4.0,7,1,2,0.8487123853324432,0.8870089211790031,0.034183773216031284
4.0,7,3,0,0.8042202135337965,0.8771055849246593,0.08179863147605083
4.0,7,3,1,0.729265951379602,0.8569272805105618,0.1344574780058651
4.0,7,3,2,0.8249638193363054,0.8798392943082893,0.059638318670576736
4.0,7,10,0,0.6671742814788223,0.7722697630443851,0.2482893450635386
4.0,7,10,1,0.586642562012236,0.6984003284294406,0.28948191593352884
4.0,7,10,2,0.6382211471007811,0.7889537318099625,0.23840664711632453
4.0,7,30,0,0.48757889996146925,0.5586914177119252,0.45637341153470184
4.0,7,30,1,0.3922085592921017,0.5209789456247799,0.5178690127077223
4.0,7,30,2,0.451087707090635,0.5445965604662074,0.46142717497556207
4.0,8,1,0,0.5705708635793498,0.5564660579143939,0.05435435435435435
4.0,8,1,1,0.5662770968053765,0.5763438580372919,0.016486486486486488
4.0,8,1,2,0.5372348190033337,0.5613853870650622,0.05181181181181181
4.0,8,3,0,0.532093138083816,0.46396603409257303,0.13611611611611613
4.0,8,3,1,0.5468155765534689,0.5498636673137723,0.06924924924924925
4.0,8,3,2,0.539947079690815,0.5071839979488637,0.11179179179179179
4.0,8,10,0,0.37368399246601974,0.304690907966882,0.31448448448448446
4.0,8,10,1,0.5391168256441382,0.40408100052506996,0.18705705705705705
4.0,8,10,2,0.51229121059764,0.38712192147096175,0.22165165165165165
4.0,8,30,0,0.39107897519164664,0.2647950755804893,0.5328528528528529
4.0,8,30,1,0.30873823528766303,0.28073870573870574,0.447997997997998
4.0,8,30,2,0.421863339499487,0.269123312182686,0.47896896896896896
4.0,9,1,0,0.963804944120576,1.0,0.04496598639455782
4.0,9,1,1,0.9273832124376442,1.0,0.055626822157434405
4.0,9,1,2,0.9973111284586694,1.0,0.030728862973760932
4.0,9,3,0,0.9890170701152082,1.0,0.08125364431486881
4.0,9,3,1,0.9526498789829686,1.0,0.1006025267249757
4.0,9,3,2,0.9421234756528875,1.0,0.07595724003887269
4.0,9,10,0,0.8756074250803216,1.0,0.20704567541302235
4.0,9,10,1,0.8933813149819971,1.0,0.22322643343051507
4.0,9,10,2,0.869541323213528,0.9914490993725966,0.19574344023323614
4.0,9,30,0,0.6593867175660464,0.9059619478602129,0.46656948493683187
4.0,9,30,1,0.6333563055727872,0.8829875104561915,0.4433916423712342
4.0,9,30,2,0.693043548037223,0.890758028031335,0.45160349854227405
