subject,session,device,kind,n_samples,missing_frac,interior_missing_frac,n_runs,n_interior_runs,packet_level_agreement,median_run_s,p95_run_s,max_run_s
S1,S1-ADL1,Accelerometer RKN^,Accelerometer,51116,0.01782220831050943,0.009390406135065341,17,16,1.0,0.9333333333333333,1.6,1.8
S1,S1-ADL1,Accelerometer HIP,Accelerometer,51116,0.009116519289459269,0.00037170357617966976,2,1,1.0,0.6333333333333333,0.6333333333333333,0.6333333333333333
S1,S1-ADL1,Accelerometer LUA^,Accelerometer,51116,0.012657484936223491,0.003912669222943892,11,10,1.0,0.6666666666666666,0.7,0.7
S1,S1-ADL1,Accelerometer RUA_,Accelerometer,51116,0.011816261053290554,0.0031301353783551138,9,8,1.0,0.6666666666666666,0.7,0.7
S1,S1-ADL1,Accelerometer LH,Accelerometer,51116,0.02369121214492527,0.014965959777760388,17,16,1.0,0.6666666666666666,4.408333333333333,15.433333333333334
S1,S1-ADL1,Accelerometer BACK,Accelerometer,51116,0.00872525236716488,0.0,1,0,1.0,0.0,0.0,0.0
S1,S1-ADL1,Accelerometer RKN_,Accelerometer,51116,0.04067219657250176,0.03290554816495814,24,23,1.0,1.4666666666666666,6.586666666666665,7.666666666666667
S1,S1-ADL1,Accelerometer RWR,Accelerometer,51116,0.018780812270130683,0.010114249941309961,26,25,1.0,0.6666666666666666,0.7599999999999999,0.9333333333333333
S1,S1-ADL1,Accelerometer RUA^,Accelerometer,51116,0.012579231551764615,0.003893105876829173,11,10,1.0,0.6666666666666666,0.6849999999999999,0.7
S1,S1-ADL1,Accelerometer LUA_,Accelerometer,51116,0.012657484936223491,0.003971359261288051,11,10,1.0,0.6666666666666666,0.7,0.7
S1,S1-ADL1,Accelerometer LWR,Accelerometer,51116,0.011835824399405274,0.0031301353783551138,9,8,1.0,0.6666666666666666,0.6883333333333332,0.7
S1,S1-ADL1,Accelerometer RH,Accelerometer,51116,0.9999804366538853,0.0,2,0,1.0,0.0,0.0,0.0
S1,S1-ADL1,InertialMeasurementUnit BACK,InertialMeasurementUnit,51116,0.008099225291493857,0.0,1,0,1.0,0.0,0.0,0.0
S1,S1-ADL1,InertialMeasurementUnit RUA,InertialMeasurementUnit,51116,0.008099225291493857,0.0,1,0,1.0,0.0,0.0,0.0
S1,S1-ADL1,InertialMeasurementUnit RLA,InertialMeasurementUnit,51116,0.008099225291493857,0.0,1,0,1.0,0.0,0.0,0.0
S1,S1-ADL1,InertialMeasurementUnit LUA,InertialMeasurementUnit,51116,0.008099225291493857,0.0,1,0,1.0,0.0,0.0,0.0
S1,S1-ADL1,InertialMeasurementUnit LLA,InertialMeasurementUnit,51116,0.008099225291493857,0.0,1,0,1.0,0.0,0.0,0.0
S1,S1-ADL1,InertialMeasurementUnit L-SHOE,InertialMeasurementUnit,51116,0.0005477736912121449,0.0,1,0,1.0,0.0,0.0,0.0
S1,S1-ADL1,InertialMeasurementUnit R-SHOE,InertialMeasurementUnit,51116,0.0005477736912121449,0.0,1,0,1.0,0.0,0.0,0.0
S1,S1-ADL2,Accelerometer RKN^,Accelerometer,32224,0.08710898709036743,0.07513033763654418,105,104,1.0,0.6666666666666666,1.0616666666666665,7.5
S1,S1-ADL2,Accelerometer HIP,Accelerometer,32224,0.017068023833167825,0.005151439920556107,6,5,1.0,0.9,1.8133333333333332,1.9333333333333333
S1,S1-ADL2,Accelerometer LUA^,Accelerometer,32224,0.023088381330685203,0.011047666335650446,11,10,1.0,0.6833333333333333,3.5049999999999946,5.8
S1,S1-ADL2,Accelerometer RUA_,Accelerometer,32224,0.024764150943396228,0.01278550148957299,14,13,1.0,0.6666666666666666,2.733333333333326,5.833333333333333
S1,S1-ADL2,Accelerometer LH,Accelerometer,32224,0.9858180238331679,0.001272343594836147,4,2,1.0,0.6833333333333333,0.6983333333333334,0.7
S1,S1-ADL2,Accelerometer BACK,Accelerometer,32224,0.015392254220456803,0.0033825719960278054,6,5,1.0,0.6666666666666666,0.8866666666666666,0.9333333333333333
S1,S1-ADL2,Accelerometer RKN_,Accelerometer,32224,0.016043942403177757,0.004344587884806355,4,3,1.0,1.3666666666666667,2.2366666666666664,2.3333333333333335
S1,S1-ADL2,Accelerometer RWR,Accelerometer,32224,0.02153674280039722,0.0015826713008937439,3,2,1.0,0.85,0.985,1.0
S1,S1-ADL2,Accelerometer RUA^,Accelerometer,32224,0.023026315789473683,0.011947616683217477,13,12,1.0,0.6833333333333333,2.8166666666666638,5.2
S1,S1-ADL2,Accelerometer LUA_,Accelerometer,32224,0.022840119165839126,0.01176142005958292,15,14,1.0,0.7,2.0333333333333328,2.9
S1,S1-ADL2,Accelerometer LWR,Accelerometer,32224,0.022374627606752732,0.011295928500496525,11,10,1.0,0.6833333333333333,3.6333333333333275,6.033333333333333
S1,S1-ADL2,Accelerometer RH,Accelerometer,32224,0.9999689672293942,0.0,2,0,1.0,0.0,0.0,0.0
S1,S1-ADL2,InertialMeasurementUnit BACK,InertialMeasurementUnit,32224,0.010302879841112214,0.0,1,0,1.0,0.0,0.0,0.0
S1,S1-ADL2,InertialMeasurementUnit RUA,InertialMeasurementUnit,32224,0.010302879841112214,0.0,1,0,1.0,0.0,0.0,0.0
S1,S1-ADL2,InertialMeasurementUnit RLA,InertialMeasurementUnit,32224,0.010302879841112214,0.0,1,0,1.0,0.0,0.0,0.0
S1,S1-ADL2,InertialMeasurementUnit LUA,InertialMeasurementUnit,32224,0.010302879841112214,0.0,1,0,1.0,0.0,0.0,0.0
S1,S1-ADL2,InertialMeasurementUnit LLA,InertialMeasurementUnit,32224,0.010302879841112214,0.0,1,0,1.0,0.0,0.0,0.0
S1,S1-ADL2,InertialMeasurementUnit L-SHOE,InertialMeasurementUnit,32224,0.0,0.0,0,0,1.0,0.0,0.0,0.0
S1,S1-ADL2,InertialMeasurementUnit R-SHOE,InertialMeasurementUnit,32224,0.0,0.0,0,0,1.0,0.0,0.0,0.0
S1,S1-ADL3,Accelerometer RKN^,Accelerometer,33273,0.08445285967601358,0.0603191777116581,83,82,1.0,0.6666666666666666,1.1183333333333343,9.166666666666666
S1,S1-ADL3,Accelerometer HIP,Accelerometer,33273,0.029783908875063866,0.005740390106092026,2,1,1.0,6.366666666666666,6.366666666666666,6.366666666666666
S1,S1-ADL3,Accelerometer LUA^,Accelerometer,33273,0.03576473416884561,0.011691161001412556,16,15,1.0,0.6666666666666666,1.569999999999997,3.6
S1,S1-ADL3,Accelerometer RUA_,Accelerometer,33273,0.03901060920265681,0.015057253629068615,15,14,1.0,0.6666666666666666,3.279999999999997,8.133333333333333
S1,S1-ADL3,Accelerometer LH,Accelerometer,33273,0.04189583145493343,0.017852312685961592,20,19,1.0,0.6666666666666666,1.4499999999999862,7.3
S1,S1-ADL3,Accelerometer BACK,Accelerometer,33273,0.027349502599705467,0.0033660926276560576,6,5,1.0,0.6666666666666666,0.9866666666666666,1.0666666666666667
S1,S1-ADL3,Accelerometer RKN_,Accelerometer,33273,0.05376731884711328,0.02981396327352508,38,37,1.0,0.6666666666666666,0.8266666666666654,8.7
S1,S1-ADL3,Accelerometer RWR,Accelerometer,33273,0.055420310762480086,0.03155711838427554,40,39,1.0,0.6666666666666666,0.8400000000000005,8.233333333333333
S1,S1-ADL3,Accelerometer RUA^,Accelerometer,33273,0.03462266702731945,0.010789529047576112,16,15,1.0,0.6666666666666666,1.2799999999999978,2.6333333333333333
S1,S1-ADL3,Accelerometer LUA_,Accelerometer,33273,0.030535268836594236,0.00664202205992847,12,11,1.0,0.6666666666666666,0.7,0.7
S1,S1-ADL3,Accelerometer LWR,Accelerometer,33273,0.036606257325759624,0.012743064947555074,15,14,1.0,0.6833333333333333,2.3099999999999983,5.3
S1,S1-ADL3,Accelerometer RH,Accelerometer,33273,0.9999699456015387,0.0,2,0,1.0,0.0,0.0,0.0
S1,S1-ADL3,InertialMeasurementUnit BACK,InertialMeasurementUnit,33273,0.02323205001051904,0.0,1,0,1.0,0.0,0.0,0.0
S1,S1-ADL3,InertialMeasurementUnit RUA,InertialMeasurementUnit,33273,0.02323205001051904,0.0,1,0,1.0,0.0,0.0,0.0
S1,S1-ADL3,InertialMeasurementUnit RLA,InertialMeasurementUnit,33273,0.02323205001051904,0.0,1,0,1.0,0.0,0.0,0.0
S1,S1-ADL3,InertialMeasurementUnit LUA,InertialMeasurementUnit,33273,0.02323205001051904,0.0,1,0,1.0,0.0,0.0,0.0
S1,S1-ADL3,InertialMeasurementUnit LLA,InertialMeasurementUnit,33273,0.02323205001051904,0.0,1,0,1.0,0.0,0.0,0.0
S1,S1-ADL3,InertialMeasurementUnit L-SHOE,InertialMeasurementUnit,33273,0.0,0.0,0,0,1.0,0.0,0.0,0.0
S1,S1-ADL3,InertialMeasurementUnit R-SHOE,InertialMeasurementUnit,33273,0.0,0.0,0,0,1.0,0.0,0.0,0.0
S1,S1-ADL4,Accelerometer RKN^,Accelerometer,32955,0.021392808375056895,0.01222879684418146,4,3,1.0,5.366666666666666,6.326666666666667,6.433333333333334
S1,S1-ADL4,Accelerometer HIP,Accelerometer,32955,0.009528144439387043,0.000576543771810044,2,1,1.0,0.6333333333333333,0.6333333333333333,0.6333333333333333
S1,S1-ADL4,Accelerometer LUA^,Accelerometer,32955,0.01520254893035958,0.006250948262782582,11,10,1.0,0.7,0.7,0.7
S1,S1-ADL4,Accelerometer RUA_,Accelerometer,32955,0.017963890153239265,0.009012289485662267,16,15,1.0,0.6666666666666666,0.6766666666666665,0.7
S1,S1-ADL4,Accelerometer LH,Accelerometer,32955,0.03434987103626157,0.025428614777727204,10,9,1.0,0.7333333333333333,13.52666666666666,21.9
S1,S1-ADL4,Accelerometer BACK,Accelerometer,32955,0.008921256258534365,0.0,1,0,1.0,0.0,0.0,0.0
S1,S1-ADL4,Accelerometer RKN_,Accelerometer,32955,0.03826429980276134,0.029312699135184344,49,48,1.0,0.6666666666666666,0.6666666666666666,1.1
S1,S1-ADL4,Accelerometer RWR,Accelerometer,32955,0.04906690942193901,0.02321347291761493,38,37,1.0,0.6666666666666666,0.813333333333333,1.1
S1,S1-ADL4,Accelerometer RUA^,Accelerometer,32955,0.014504627522379002,0.006038537399484145,11,10,1.0,0.6666666666666666,0.6849999999999999,0.7
S1,S1-ADL4,Accelerometer LUA_,Accelerometer,32955,0.01520254893035958,0.006736458807464724,12,11,1.0,0.6666666666666666,0.7,0.7
S1,S1-ADL4,Accelerometer LWR,Accelerometer,32955,0.01456531634046427,0.006129570626612047,11,10,1.0,0.6666666666666666,0.7,0.7
S1,S1-ADL4,Accelerometer RH,Accelerometer,32955,0.9999696555909574,0.0,2,0,1.0,0.0,0.0,0.0
S1,S1-ADL4,InertialMeasurementUnit BACK,InertialMeasurementUnit,32955,0.007768168714914277,0.0,1,0,1.0,0.0,0.0,0.0
S1,S1-ADL4,InertialMeasurementUnit RUA,InertialMeasurementUnit,32955,0.007768168714914277,0.0,1,0,1.0,0.0,0.0,0.0
S1,S1-ADL4,InertialMeasurementUnit RLA,InertialMeasurementUnit,32955,0.007768168714914277,0.0,1,0,1.0,0.0,0.0,0.0
S1,S1-ADL4,InertialMeasurementUnit LUA,InertialMeasurementUnit,32955,0.007768168714914277,0.0,1,0,1.0,0.0,0.0,0.0
S1,S1-ADL4,InertialMeasurementUnit LLA,InertialMeasurementUnit,32955,0.007768168714914277,0.0,1,0,1.0,0.0,0.0,0.0
S1,S1-ADL4,InertialMeasurementUnit L-SHOE,InertialMeasurementUnit,32955,0.0,0.0,0,0,1.0,0.0,0.0,0.0
S1,S1-ADL4,InertialMeasurementUnit R-SHOE,InertialMeasurementUnit,32955,0.0,0.0,0,0,1.0,0.0,0.0,0.0
S1,S1-ADL5,Accelerometer RKN^,Accelerometer,30127,0.0728582334782753,0.06924021641716732,103,102,1.0,0.6666666666666666,0.798333333333333,1.2333333333333334
S1,S1-ADL5,Accelerometer HIP,Accelerometer,30127,0.00487934410993461,0.001327712682975404,3,2,1.0,0.6666666666666666,0.6666666666666666,0.6666666666666666
S1,S1-ADL5,Accelerometer LUA^,Accelerometer,30127,0.010223387658910612,0.006771334683174561,11,10,1.0,0.6666666666666666,0.7,0.7
S1,S1-ADL5,Accelerometer RUA_,Accelerometer,30127,0.013277126829754042,0.00989145948816676,16,15,1.0,0.6666666666666666,0.6766666666666665,0.7
S1,S1-ADL5,Accelerometer LH,Accelerometer,30127,0.9809141301822286,0.0020579546586118763,5,3,1.0,0.7,0.7,0.7
S1,S1-ADL5,Accelerometer BACK,Accelerometer,30127,0.0034520529757360507,0.0,1,0,1.0,0.0,0.0,0.0
S1,S1-ADL5,Accelerometer RKN_,Accelerometer,30127,0.025060576891160754,0.021641716732499088,34,33,1.0,0.6666666666666666,0.6666666666666666,0.6666666666666666
S1,S1-ADL5,Accelerometer RWR,Accelerometer,30127,0.034055830318319116,0.030670162976731835,46,45,1.0,0.6666666666666666,0.7666666666666667,0.7666666666666667
S1,S1-ADL5,Accelerometer RUA^,Accelerometer,30127,0.010289773293059383,0.006937298768546487,11,10,1.0,0.6666666666666666,0.8283333333333331,0.9333333333333333
S1,S1-ADL5,Accelerometer LUA_,Accelerometer,30127,0.0356490855378896,0.03232980383045109,10,9,1.0,0.7,16.49999999999999,27.033333333333335
S1,S1-ADL5,Accelerometer LWR,Accelerometer,30127,0.010621701463803233,0.007302419756364723,12,11,1.0,0.6666666666666666,0.7,0.7
S1,S1-ADL5,Accelerometer RH,Accelerometer,30127,0.9999668071829256,0.0,2,0,1.0,0.0,0.0,0.0
S1,S1-ADL5,InertialMeasurementUnit BACK,InertialMeasurementUnit,30127,0.002622232548876423,0.0,1,0,1.0,0.0,0.0,0.0
S1,S1-ADL5,InertialMeasurementUnit RUA,InertialMeasurementUnit,30127,0.002622232548876423,0.0,1,0,1.0,0.0,0.0,0.0
S1,S1-ADL5,InertialMeasurementUnit RLA,InertialMeasurementUnit,30127,0.002622232548876423,0.0,1,0,1.0,0.0,0.0,0.0
S1,S1-ADL5,InertialMeasurementUnit LUA,InertialMeasurementUnit,30127,0.002622232548876423,0.0,1,0,1.0,0.0,0.0,0.0
S1,S1-ADL5,InertialMeasurementUnit LLA,InertialMeasurementUnit,30127,0.002622232548876423,0.0,1,0,1.0,0.0,0.0,0.0
S1,S1-ADL5,InertialMeasurementUnit L-SHOE,InertialMeasurementUnit,30127,0.0,0.0,0,0,1.0,0.0,0.0,0.0
S1,S1-ADL5,InertialMeasurementUnit R-SHOE,InertialMeasurementUnit,30127,0.0,0.0,0,0,1.0,0.0,0.0,0.0
S1,S1-Drill,Accelerometer RKN^,Accelerometer,54966,0.03869664883746316,0.03393006585889459,82,81,1.0,0.6666666666666666,1.2666666666666666,2.0
S1,S1-Drill,Accelerometer HIP,Accelerometer,54966,0.004293563293672452,0.001819306480369683,6,5,1.0,0.6666666666666666,0.6933333333333334,0.7
S1,S1-Drill,Accelerometer LUA^,Accelerometer,54966,0.005003092821016629,0.0025470290725175563,8,7,1.0,0.6666666666666666,0.69,0.7
S1,S1-Drill,Accelerometer RUA_,Accelerometer,54966,0.01360841247316523,0.010133537095659135,29,28,1.0,0.6666666666666666,0.6883333333333332,0.7
S1,S1-Drill,Accelerometer LH,Accelerometer,54966,0.007877597060000728,0.0054033402466979585,14,13,1.0,0.7,1.0199999999999991,1.4
S1,S1-Drill,Accelerometer BACK,Accelerometer,54966,0.002474256813302769,0.0,1,0,1.0,0.0,0.0,0.0
S1,S1-Drill,Accelerometer RKN_,Accelerometer,54966,0.019084524979077977,0.01659207510097151,47,46,1.0,0.6666666666666666,0.6916666666666667,0.7333333333333333
S1,S1-Drill,Accelerometer RWR,Accelerometer,54966,0.9778772331987047,0.9720736455263254,4,3,1.0,0.7333333333333333,1601.743333333333,1779.6333333333334
S1,S1-Drill,Accelerometer RUA^,Accelerometer,54966,0.007422770439908307,0.003966088127205909,12,11,1.0,0.6666666666666666,0.6666666666666666,0.6666666666666666
S1,S1-Drill,Accelerometer LUA_,Accelerometer,54966,0.006513117199723466,0.004038860386420697,12,11,1.0,0.6666666666666666,0.7,0.7
S1,S1-Drill,Accelerometer LWR,Accelerometer,54966,0.005730815413164502,0.0032747516646654297,10,9,1.0,0.6666666666666666,0.7,0.7
S1,S1-Drill,Accelerometer RH,Accelerometer,54966,0.9999818069351963,0.0,2,0,1.0,0.0,0.0,0.0
S1,S1-Drill,InertialMeasurementUnit BACK,InertialMeasurementUnit,54966,0.002037623258014045,0.0,1,0,1.0,0.0,0.0,0.0
S1,S1-Drill,InertialMeasurementUnit RUA,InertialMeasurementUnit,54966,0.002037623258014045,0.0,1,0,1.0,0.0,0.0,0.0
S1,S1-Drill,InertialMeasurementUnit RLA,InertialMeasurementUnit,54966,0.002037623258014045,0.0,1,0,1.0,0.0,0.0,0.0
S1,S1-Drill,InertialMeasurementUnit LUA,InertialMeasurementUnit,54966,0.002037623258014045,0.0,1,0,1.0,0.0,0.0,0.0
S1,S1-Drill,InertialMeasurementUnit LLA,InertialMeasurementUnit,54966,0.002037623258014045,0.0,1,0,1.0,0.0,0.0,0.0
S1,S1-Drill,InertialMeasurementUnit L-SHOE,InertialMeasurementUnit,54966,0.0009096532401848415,0.0,1,0,1.0,0.0,0.0,0.0
S1,S1-Drill,InertialMeasurementUnit R-SHOE,InertialMeasurementUnit,54966,0.0009096532401848415,0.0,1,0,1.0,0.0,0.0,0.0
S2,S2-ADL1,Accelerometer RKN^,Accelerometer,42797,0.15926349977802182,0.0010514755707175737,3,2,1.0,0.75,0.795,0.8
S2,S2-ADL1,Accelerometer HIP,Accelerometer,42797,0.1592401336542281,0.0004673224758744772,2,1,1.0,0.6666666666666666,0.6666666666666666,0.6666666666666666
S2,S2-ADL1,Accelerometer LUA^,Accelerometer,42797,0.29205318129775454,0.14973012127018248,4,3,1.0,41.63333333333333,158.33333333333334,171.3
S2,S2-ADL1,Accelerometer RUA_,Accelerometer,42797,0.15949716101595907,0.0009346449517489544,3,2,1.0,0.6666666666666666,0.6966666666666667,0.7
S2,S2-ADL1,Accelerometer LH,Accelerometer,42797,0.17711521835642685,0.019206953758441014,32,31,1.0,0.7,1.45,1.6333333333333333
S2,S2-ADL1,Accelerometer BACK,Accelerometer,42797,0.1595438932635465,0.0009346449517489544,3,2,1.0,0.6666666666666666,0.6666666666666666,0.6666666666666666
S2,S2-ADL1,Accelerometer RKN_,Accelerometer,42797,0.1608056639484076,0.002687104236278244,5,4,1.0,0.95,1.2616666666666667,1.2666666666666666
S2,S2-ADL1,Accelerometer RWR,Accelerometer,42797,0.21207093955183776,0.05119517723204898,4,3,1.0,2.8,62.88999999999999,69.56666666666666
S2,S2-ADL1,Accelerometer RUA^,Accelerometer,42797,0.16038507372012056,0.0014253335514171554,4,3,1.0,0.6666666666666666,0.6966666666666667,0.7
S2,S2-ADL1,Accelerometer LUA_,Accelerometer,42797,0.16073556557702642,0.0025469074935159006,6,5,1.0,0.6666666666666666,0.8866666666666666,0.9333333333333333
S2,S2-ADL1,Accelerometer LWR,Accelerometer,42797,0.16634343528752016,0.00799121433745356,15,14,1.0,0.7,1.3233333333333335,1.3666666666666667
S2,S2-ADL1,Accelerometer RH,Accelerometer,42797,0.9999766338762063,0.0,2,0,1.0,0.0,0.0,0.0
S2,S2-ADL1,InertialMeasurementUnit BACK,InertialMeasurementUnit,42797,0.15484730238100802,0.0,1,0,1.0,0.0,0.0,0.0
S2,S2-ADL1,InertialMeasurementUnit RUA,InertialMeasurementUnit,42797,0.15484730238100802,0.0,1,0,1.0,0.0,0.0,0.0
S2,S2-ADL1,InertialMeasurementUnit RLA,InertialMeasurementUnit,42797,0.15484730238100802,0.0,1,0,1.0,0.0,0.0,0.0
S2,S2-ADL1,InertialMeasurementUnit LUA,InertialMeasurementUnit,42797,0.15484730238100802,0.0,1,0,1.0,0.0,0.0,0.0
S2,S2-ADL1,InertialMeasurementUnit LLA,InertialMeasurementUnit,42797,0.15484730238100802,0.0,1,0,1.0,0.0,0.0,0.0
S2,S2-ADL1,InertialMeasurementUnit L-SHOE,InertialMeasurementUnit,42797,0.0,0.0,0,0,1.0,0.0,0.0,0.0
S2,S2-ADL1,InertialMeasurementUnit R-SHOE,InertialMeasurementUnit,42797,0.0,0.0,0,0,1.0,0.0,0.0,0.0
S2,S2-ADL2,Accelerometer RKN^,Accelerometer,30182,0.014280034457623748,0.007057186402491551,5,4,1.0,1.3166666666666667,3.189999999999999,3.5
S2,S2-ADL2,Accelerometer HIP,Accelerometer,30182,0.008382479623616726,0.001325293221125174,3,2,1.0,0.6666666666666666,0.6666666666666666,0.6666666666666666
S2,S2-ADL2,Accelerometer LUA^,Accelerometer,30182,0.048936452190047046,0.041945530448611754,3,2,1.0,21.1,39.49,41.53333333333333
S2,S2-ADL2,Accelerometer RUA_,Accelerometer,30182,0.014843284076601949,0.008018023987807302,13,12,1.0,0.6666666666666666,0.7,0.7
S2,S2-ADL2,Accelerometer LH,Accelerometer,30182,0.058743622026373336,0.051752700284938044,32,31,1.0,0.7666666666666667,1.65,27.433333333333334
S2,S2-ADL2,Accelerometer BACK,Accelerometer,30182,0.008316214962560466,0.0013584255516533032,3,2,1.0,0.6833333333333333,0.6983333333333334,0.7
S2,S2-ADL2,Accelerometer RKN_,Accelerometer,30182,0.010602345769001391,0.003611424027566099,3,2,1.0,1.8166666666666667,1.8316666666666668,1.8333333333333333
S2,S2-ADL2,Accelerometer RWR,Accelerometer,30182,0.013484858524948644,0.006560201444569611,11,10,1.0,0.6666666666666666,0.6849999999999999,0.7
S2,S2-ADL2,Accelerometer RUA^,Accelerometer,30182,0.014412563779736267,0.007487906699357233,12,11,1.0,0.6666666666666666,0.7333333333333333,0.7333333333333333
S2,S2-ADL2,Accelerometer LUA_,Accelerometer,30182,0.052249685242859986,0.04539129282353721,12,11,1.0,0.6666666666666666,19.833333333333332,38.96666666666667
S2,S2-ADL2,Accelerometer LWR,Accelerometer,30182,0.014975813398714465,0.00815055330991982,13,12,1.0,0.6666666666666666,0.73,0.7666666666666667
S2,S2-ADL2,Accelerometer RH,Accelerometer,30182,0.04780995295209065,0.030117288450069578,20,18,1.0,0.6666666666666666,3.5133333333333097,17.566666666666666
S2,S2-ADL2,InertialMeasurementUnit BACK,InertialMeasurementUnit,30182,0.005698760850838248,0.0,1,0,1.0,0.0,0.0,0.0
S2,S2-ADL2,InertialMeasurementUnit RUA,InertialMeasurementUnit,30182,0.005698760850838248,0.0,1,0,1.0,0.0,0.0,0.0
S2,S2-ADL2,InertialMeasurementUnit RLA,InertialMeasurementUnit,30182,0.005698760850838248,0.0,1,0,1.0,0.0,0.0,0.0
S2,S2-ADL2,InertialMeasurementUnit LUA,InertialMeasurementUnit,30182,0.005698760850838248,0.0,1,0,1.0,0.0,0.0,0.0
S2,S2-ADL2,InertialMeasurementUnit LLA,InertialMeasurementUnit,30182,0.005698760850838248,0.0,1,0,1.0,0.0,0.0,0.0
S2,S2-ADL2,InertialMeasurementUnit L-SHOE,InertialMeasurementUnit,30182,0.0,0.0,0,0,1.0,0.0,0.0,0.0
S2,S2-ADL2,InertialMeasurementUnit R-SHOE,InertialMeasurementUnit,30182,0.0,0.0,0,0,1.0,0.0,0.0,0.0
S2,S2-ADL3,Accelerometer RKN^,Accelerometer,34232,0.014021967749474177,0.006105398457583547,7,6,1.0,0.9666666666666667,2.158333333333333,2.466666666666667
S2,S2-ADL3,Accelerometer HIP,Accelerometer,34232,0.010983874737088105,0.002892030848329049,6,5,1.0,0.6666666666666666,0.6666666666666666,0.6666666666666666
S2,S2-ADL3,Accelerometer LUA^,Accelerometer,34232,0.013350081794811872,0.0052874503388642205,10,9,1.0,0.6666666666666666,0.7,0.7
S2,S2-ADL3,Accelerometer RUA_,Accelerometer,34232,0.07641972423463426,0.06862000467398925,7,6,1.0,2.85,50.483333333333334,65.63333333333334
S2,S2-ADL3,Accelerometer LH,Accelerometer,34232,0.03274713718158448,0.02468450572563683,38,37,1.0,0.6666666666666666,1.0999999999999985,1.8
S2,S2-ADL3,Accelerometer BACK,Accelerometer,34232,0.009172703902781024,0.0011684973124561813,3,2,1.0,0.6666666666666666,0.6666666666666666,0.6666666666666666
S2,S2-ADL3,Accelerometer RKN_,Accelerometer,34232,0.013700630988548726,0.005842486562280907,7,6,1.0,1.1666666666666667,1.5,1.6
S2,S2-ADL3,Accelerometer RWR,Accelerometer,34232,0.015424164524421594,0.007478382799719561,14,13,1.0,0.6666666666666666,0.6666666666666666,0.6666666666666666
S2,S2-ADL3,Accelerometer RUA^,Accelerometer,34232,0.013350081794811872,0.005404300070109839,10,9,1.0,0.7,0.7,0.7
S2,S2-ADL3,Accelerometer LUA_,Accelerometer,34232,0.014956765599439122,0.007069408740359897,13,12,1.0,0.6666666666666666,0.7,0.7
S2,S2-ADL3,Accelerometer LWR,Accelerometer,34232,0.01507361533068474,0.007186258471605515,13,12,1.0,0.6666666666666666,0.7333333333333333,0.7333333333333333
S2,S2-ADL3,Accelerometer RH,Accelerometer,34232,0.049339799018462256,0.033419023136246784,39,37,1.0,0.7666666666666667,1.9733333333333325,2.566666666666667
S2,S2-ADL3,InertialMeasurementUnit BACK,InertialMeasurementUnit,34232,0.007244683337228324,0.0,1,0,1.0,0.0,0.0,0.0
S2,S2-ADL3,InertialMeasurementUnit RUA,InertialMeasurementUnit,34232,0.007244683337228324,0.0,1,0,1.0,0.0,0.0,0.0
S2,S2-ADL3,InertialMeasurementUnit RLA,InertialMeasurementUnit,34232,0.007244683337228324,0.0,1,0,1.0,0.0,0.0,0.0
S2,S2-ADL3,InertialMeasurementUnit LUA,InertialMeasurementUnit,34232,0.007244683337228324,0.0,1,0,1.0,0.0,0.0,0.0
S2,S2-ADL3,InertialMeasurementUnit LLA,InertialMeasurementUnit,34232,0.007244683337228324,0.0,1,0,1.0,0.0,0.0,0.0
S2,S2-ADL3,InertialMeasurementUnit L-SHOE,InertialMeasurementUnit,34232,0.00502453844356158,0.0,1,0,1.0,0.0,0.0,0.0
S2,S2-ADL3,InertialMeasurementUnit R-SHOE,InertialMeasurementUnit,34232,0.00502453844356158,0.0,1,0,1.0,0.0,0.0,0.0
S2,S2-ADL4,Accelerometer RKN^,Accelerometer,32748,0.011848051789422255,0.0047941859044827164,5,4,1.0,1.2666666666666666,1.9666666666666663,2.066666666666667
S2,S2-ADL4,Accelerometer HIP,Accelerometer,32748,0.008458531818737023,0.0014046659337974838,3,2,1.0,0.7666666666666667,0.8866666666666667,0.9
S2,S2-ADL4,Accelerometer LUA^,Accelerometer,32748,0.04357518016367412,0.036521314278734576,13,12,1.0,0.6666666666666666,15.069999999999977,32.63333333333333
S2,S2-ADL4,Accelerometer RUA_,Accelerometer,32748,0.012977891779650665,0.006046170758519604,11,10,1.0,0.6666666666666666,0.6666666666666666,0.6666666666666666
S2,S2-ADL4,Accelerometer LH,Accelerometer,32748,0.026963478685721267,0.019970685232685966,29,28,1.0,0.7,1.163333333333333,1.6333333333333333
S2,S2-ADL4,Accelerometer BACK,Accelerometer,32748,0.008275314523024307,0.001282521069989007,3,2,1.0,0.7,0.76,0.7666666666666667
S2,S2-ADL4,Accelerometer RKN_,Accelerometer,32748,0.026383290582631,0.020001221448638085,34,33,1.0,0.6666666666666666,0.6666666666666666,0.6666666666666666
S2,S2-ADL4,Accelerometer RWR,Accelerometer,32748,0.015481861487724442,0.008519604250641261,15,14,1.0,0.6666666666666666,0.6666666666666666,0.6666666666666666
S2,S2-ADL4,Accelerometer RUA^,Accelerometer,32748,0.01322218150726762,0.0062904604861365575,11,10,1.0,0.6833333333333333,0.7183333333333333,0.7333333333333333
S2,S2-ADL4,Accelerometer LUA_,Accelerometer,32748,0.03029192622450226,0.023421277635275437,3,2,1.0,12.783333333333333,23.658333333333335,24.866666666666667
S2,S2-ADL4,Accelerometer LWR,Accelerometer,32748,0.013344326371076097,0.006076706974471723,11,10,1.0,0.6666666666666666,0.7,0.7
S2,S2-ADL4,Accelerometer RH,Accelerometer,32748,0.02485647978502504,0.018169048491510933,27,26,1.0,0.6833333333333333,0.825,2.1333333333333333
S2,S2-ADL4,InertialMeasurementUnit BACK,InertialMeasurementUnit,32748,0.006259924270184439,0.0,1,0,1.0,0.0,0.0,0.0
S2,S2-ADL4,InertialMeasurementUnit RUA,InertialMeasurementUnit,32748,0.006259924270184439,0.0,1,0,1.0,0.0,0.0,0.0
S2,S2-ADL4,InertialMeasurementUnit RLA,InertialMeasurementUnit,32748,0.006259924270184439,0.0,1,0,1.0,0.0,0.0,0.0
S2,S2-ADL4,InertialMeasurementUnit LUA,InertialMeasurementUnit,32748,0.006259924270184439,0.0,1,0,1.0,0.0,0.0,0.0
S2,S2-ADL4,InertialMeasurementUnit LLA,InertialMeasurementUnit,32748,0.006259924270184439,0.0,1,0,1.0,0.0,0.0,0.0
S2,S2-ADL4,InertialMeasurementUnit L-SHOE,InertialMeasurementUnit,32748,0.0010382313423720532,0.0,1,0,1.0,0.0,0.0,0.0
S2,S2-ADL4,InertialMeasurementUnit R-SHOE,InertialMeasurementUnit,32748,0.0010382313423720532,0.0,1,0,1.0,0.0,0.0,0.0
S2,S2-ADL5,Accelerometer RKN^,Accelerometer,31826,0.02837302834160749,0.01190850248224722,7,6,1.0,1.75,4.083333333333333,4.533333333333333
S2,S2-ADL5,Accelerometer HIP,Accelerometer,31826,0.018129830955822282,0.0012882548859423112,3,2,1.0,0.6833333333333333,0.6983333333333334,0.7
S2,S2-ADL5,Accelerometer LUA^,Accelerometer,31826,0.04288946144661598,0.026079306227612644,8,7,1.0,0.6666666666666666,16.78999999999998,23.7
S2,S2-ADL5,Accelerometer RUA_,Accelerometer,31826,0.022308804122415635,0.005561490605165588,10,9,1.0,0.6666666666666666,0.6666666666666666,0.6666666666666666
S2,S2-ADL5,Accelerometer LH,Accelerometer,31826,0.0808458493055992,0.06409853578834915,46,45,1.0,0.7,1.4199999999999993,34.0
S2,S2-ADL5,Accelerometer BACK,Accelerometer,31826,0.016747313517250048,0.0,1,0,1.0,0.0,0.0,0.0
S2,S2-ADL5,Accelerometer RKN_,Accelerometer,31826,0.027713190473198014,0.011437189719097593,5,4,1.0,2.55,5.688333333333333,6.233333333333333
S2,S2-ADL5,Accelerometer RWR,Accelerometer,31826,0.0249167347451769,0.008200842078803495,14,13,1.0,0.6666666666666666,0.7,0.7
S2,S2-ADL5,Accelerometer RUA^,Accelerometer,31826,0.02240306667504556,0.005687174008672155,10,9,1.0,0.6666666666666666,0.6866666666666668,0.7
S2,S2-ADL5,Accelerometer LUA_,Accelerometer,31826,0.02237164582416892,0.005687174008672155,10,9,1.0,0.6666666666666666,0.7,0.7
S2,S2-ADL5,Accelerometer LWR,Accelerometer,31826,0.027933136429334506,0.011280085464714384,19,18,1.0,0.6666666666666666,0.7,0.7
S2,S2-ADL5,Accelerometer RH,Accelerometer,31826,0.9951297681141206,0.9785709797021304,6,5,1.0,0.7666666666666667,828.3399999999998,1035.2333333333333
S2,S2-ADL5,InertialMeasurementUnit BACK,InertialMeasurementUnit,31826,0.016118896499717213,0.0,1,0,1.0,0.0,0.0,0.0
S2,S2-ADL5,InertialMeasurementUnit RUA,InertialMeasurementUnit,31826,0.016118896499717213,0.0,1,0,1.0,0.0,0.0,0.0
S2,S2-ADL5,InertialMeasurementUnit RLA,InertialMeasurementUnit,31826,0.016118896499717213,0.0,1,0,1.0,0.0,0.0,0.0
S2,S2-ADL5,InertialMeasurementUnit LUA,InertialMeasurementUnit,31826,0.016118896499717213,0.0,1,0,1.0,0.0,0.0,0.0
S2,S2-ADL5,InertialMeasurementUnit LLA,InertialMeasurementUnit,31826,0.016118896499717213,0.0,1,0,1.0,0.0,0.0,0.0
S2,S2-ADL5,InertialMeasurementUnit L-SHOE,InertialMeasurementUnit,31826,0.008169421227926852,0.0,1,0,1.0,0.0,0.0,0.0
S2,S2-ADL5,InertialMeasurementUnit R-SHOE,InertialMeasurementUnit,31826,0.008169421227926852,0.0,1,0,1.0,0.0,0.0,0.0
S2,S2-Drill,Accelerometer RKN^,Accelerometer,53398,0.015993108356118207,0.008932918835911458,25,24,1.0,0.6666666666666666,0.695,0.7666666666666667
S2,S2-Drill,Accelerometer HIP,Accelerometer,53398,0.0070976441065208435,0.0,1,0,1.0,0.0,0.0,0.0
S2,S2-Drill,Accelerometer LUA^,Accelerometer,53398,0.09056518970747968,0.08348627289411588,4,3,1.0,0.6666666666666666,132.63666666666666,147.3
S2,S2-Drill,Accelerometer RUA_,Accelerometer,53398,0.010805648151616165,0.003726731338252369,11,10,1.0,0.6666666666666666,0.6666666666666666,0.6666666666666666
S2,S2-Drill,Accelerometer LH,Accelerometer,53398,0.04799805236151167,0.04095659013446196,47,46,1.0,0.7,2.091666666666667,35.266666666666666
S2,S2-Drill,Accelerometer BACK,Accelerometer,53398,0.007060189520206749,0.0,1,0,1.0,0.0,0.0,0.0
S2,S2-Drill,Accelerometer RKN_,Accelerometer,53398,0.00788419041911682,0.0008614554852241657,3,2,1.0,0.7666666666666667,0.8566666666666667,0.8666666666666667
S2,S2-Drill,Accelerometer RWR,Accelerometer,53398,0.014326379265141017,0.007303644331248361,17,16,1.0,0.6666666666666666,1.3083333333333333,3.1333333333333333
S2,S2-Drill,Accelerometer RUA^,Accelerometer,53398,0.025562755159369264,0.018296565414434997,11,10,1.0,1.75,10.709999999999987,16.2
S2,S2-Drill,Accelerometer LUA_,Accelerometer,53398,0.01071201168583093,0.003745458631409416,11,10,1.0,0.6666666666666666,0.7,0.7
S2,S2-Drill,Accelerometer LWR,Accelerometer,53398,0.013109105209932956,0.006123824862354395,17,16,1.0,0.6666666666666666,0.8,1.0
S2,S2-Drill,Accelerometer RH,Accelerometer,53398,0.999981272706843,0.0,2,0,1.0,0.0,0.0,0.0
S2,S2-Drill,InertialMeasurementUnit BACK,InertialMeasurementUnit,53398,0.006442188846024196,0.0,1,0,1.0,0.0,0.0,0.0
S2,S2-Drill,InertialMeasurementUnit RUA,InertialMeasurementUnit,53398,0.006442188846024196,0.0,1,0,1.0,0.0,0.0,0.0
S2,S2-Drill,InertialMeasurementUnit RLA,InertialMeasurementUnit,53398,0.006442188846024196,0.0,1,0,1.0,0.0,0.0,0.0
S2,S2-Drill,InertialMeasurementUnit LUA,InertialMeasurementUnit,53398,0.006442188846024196,0.0,1,0,1.0,0.0,0.0,0.0
S2,S2-Drill,InertialMeasurementUnit LLA,InertialMeasurementUnit,53398,0.006442188846024196,0.0,1,0,1.0,0.0,0.0,0.0
S2,S2-Drill,InertialMeasurementUnit L-SHOE,InertialMeasurementUnit,53398,0.005075096445559759,0.0,1,0,1.0,0.0,0.0,0.0
S2,S2-Drill,InertialMeasurementUnit R-SHOE,InertialMeasurementUnit,53398,0.005075096445559759,0.0,1,0,1.0,0.0,0.0,0.0
S3,S3-ADL1,Accelerometer RKN^,Accelerometer,37223,0.0330172205356903,0.0074416355479139246,15,14,1.0,0.6666666666666666,0.6666666666666666,0.6666666666666666
S3,S3-ADL1,Accelerometer HIP,Accelerometer,37223,0.04212449292104344,0.016307121940735567,4,3,1.0,7.1,11.569999999999999,12.066666666666666
S3,S3-ADL1,Accelerometer LUA^,Accelerometer,37223,0.031996346345001744,0.006447626467506649,13,12,1.0,0.6666666666666666,0.7,0.7
S3,S3-ADL1,Accelerometer RUA_,Accelerometer,37223,0.30996964242538216,0.021465223114740885,11,9,1.0,3.6,4.526666666666666,4.833333333333333
S3,S3-ADL1,Accelerometer LH,Accelerometer,37223,0.04051258630416678,0.014937001316390404,25,24,1.0,0.6666666666666666,1.19,1.3333333333333333
S3,S3-ADL1,Accelerometer BACK,Accelerometer,37223,0.21655965397737958,0.19608843994304598,87,86,1.0,1.7666666666666666,6.783333333333333,23.9
S3,S3-ADL1,Accelerometer RKN_,Accelerometer,37223,0.12599736721919244,0.10197995862773017,50,49,1.0,1.8,8.106666666666653,11.033333333333333
S3,S3-ADL1,Accelerometer RWR,Accelerometer,37223,0.03849770303307095,0.011713188082637079,12,11,1.0,1.0333333333333334,2.0,2.033333333333333
S3,S3-ADL1,Accelerometer RUA^,Accelerometer,37223,0.031808290573032805,0.006447626467506649,13,12,1.0,0.6666666666666666,0.6816666666666666,0.7
S3,S3-ADL1,Accelerometer LUA_,Accelerometer,37223,0.030169518845874863,0.004808854740348709,10,9,1.0,0.6666666666666666,0.6866666666666668,0.7
S3,S3-ADL1,Accelerometer LWR,Accelerometer,37223,0.033661983182440965,0.008355049297477365,16,15,1.0,0.6666666666666666,0.8099999999999997,1.0666666666666667
S3,S3-ADL1,Accelerometer RH,Accelerometer,37223,0.04341401821454477,0.018133949439862452,13,12,1.0,1.4166666666666667,3.686666666666666,4.2
S3,S3-ADL1,InertialMeasurementUnit BACK,InertialMeasurementUnit,37223,0.024742766569056766,0.0,1,0,1.0,0.0,0.0,0.0
S3,S3-ADL1,InertialMeasurementUnit RUA,InertialMeasurementUnit,37223,0.024742766569056766,0.0,1,0,1.0,0.0,0.0,0.0
S3,S3-ADL1,InertialMeasurementUnit RLA,InertialMeasurementUnit,37223,0.024742766569056766,0.0,1,0,1.0,0.0,0.0,0.0
S3,S3-ADL1,InertialMeasurementUnit LUA,InertialMeasurementUnit,37223,0.024742766569056766,0.0,1,0,1.0,0.0,0.0,0.0
S3,S3-ADL1,InertialMeasurementUnit LLA,InertialMeasurementUnit,37223,0.024742766569056766,0.0,1,0,1.0,0.0,0.0,0.0
S3,S3-ADL1,InertialMeasurementUnit L-SHOE,InertialMeasurementUnit,37223,0.06920452408457137,0.0,1,0,1.0,0.0,0.0,0.0
S3,S3-ADL1,InertialMeasurementUnit R-SHOE,InertialMeasurementUnit,37223,0.06920452408457137,0.0,1,0,1.0,0.0,0.0,0.0
S3,S3-ADL2,Accelerometer RKN^,Accelerometer,27825,0.026774483378256962,0.012183288409703504,18,17,1.0,0.6666666666666666,0.6733333333333333,0.7
S3,S3-ADL2,Accelerometer HIP,Accelerometer,27825,0.014483378256963162,0.0,1,0,1.0,0.0,0.0,0.0
S3,S3-ADL2,Accelerometer LUA^,Accelerometer,27825,0.015238095238095238,0.0007547169811320754,2,1,1.0,0.7,0.7,0.7
S3,S3-ADL2,Accelerometer RUA_,Accelerometer,27825,0.015309973045822102,0.0008984725965858042,2,1,1.0,0.8333333333333334,0.8333333333333334,0.8333333333333334
S3,S3-ADL2,Accelerometer LH,Accelerometer,27825,0.03263252470799641,0.018185085354896675,23,22,1.0,0.7,1.065,1.2666666666666666
S3,S3-ADL2,Accelerometer BACK,Accelerometer,27825,0.18274932614555256,0.18274932614555256,38,38,1.0,3.066666666666667,9.906666666666663,19.133333333333333
S3,S3-ADL2,Accelerometer RKN_,Accelerometer,27825,0.09940700808625337,0.08672057502246182,41,40,1.0,1.6166666666666667,4.64,5.933333333333334
S3,S3-ADL2,Accelerometer RWR,Accelerometer,27825,0.19504043126684636,0.17937106918238993,18,17,1.0,3.033333333333333,35.23333333333331,59.9
S3,S3-ADL2,Accelerometer RUA^,Accelerometer,27825,0.013800539083557951,0.0,1,0,1.0,0.0,0.0,0.0
S3,S3-ADL2,Accelerometer LUA_,Accelerometer,27825,0.023036837376460017,0.009272237196765499,14,13,1.0,0.6666666666666666,0.7,0.7
S3,S3-ADL2,Accelerometer LWR,Accelerometer,27825,0.02508535489667565,0.011572327044025157,16,15,1.0,0.6666666666666666,0.8699999999999993,1.2666666666666666
S3,S3-ADL2,Accelerometer RH,Accelerometer,27825,0.016208445642407907,0.0025876010781671157,3,2,1.0,1.2,1.26,1.2666666666666666
S3,S3-ADL2,InertialMeasurementUnit BACK,InertialMeasurementUnit,27825,0.013225516621743037,0.0,1,0,1.0,0.0,0.0,0.0
S3,S3-ADL2,InertialMeasurementUnit RUA,InertialMeasurementUnit,27825,0.013225516621743037,0.0,1,0,1.0,0.0,0.0,0.0
S3,S3-ADL2,InertialMeasurementUnit RLA,InertialMeasurementUnit,27825,0.013225516621743037,0.0,1,0,1.0,0.0,0.0,0.0
S3,S3-ADL2,InertialMeasurementUnit LUA,InertialMeasurementUnit,27825,0.013225516621743037,0.0,1,0,1.0,0.0,0.0,0.0
S3,S3-ADL2,InertialMeasurementUnit LLA,InertialMeasurementUnit,27825,0.013225516621743037,0.0,1,0,1.0,0.0,0.0,0.0
S3,S3-ADL2,InertialMeasurementUnit L-SHOE,InertialMeasurementUnit,27825,0.007331536388140162,0.0,1,0,1.0,0.0,0.0,0.0
S3,S3-ADL2,InertialMeasurementUnit R-SHOE,InertialMeasurementUnit,27825,0.007331536388140162,0.0,1,0,1.0,0.0,0.0,0.0
S3,S3-ADL3,Accelerometer RKN^,Accelerometer,26717,0.08792154807800277,0.07489613354792829,24,23,1.0,0.6666666666666666,0.6966666666666667,52.1
S3,S3-ADL3,Accelerometer HIP,Accelerometer,26717,0.08605008047310701,0.0726878017741513,3,2,1.0,32.36666666666667,32.42666666666666,32.43333333333333
S3,S3-ADL3,Accelerometer LUA^,Accelerometer,26717,0.09372309765317963,0.08200771044653217,17,16,1.0,1.45,14.541666666666666,46.666666666666664
S3,S3-ADL3,Accelerometer RUA_,Accelerometer,26717,0.017516936781824307,0.00411722873077067,3,2,1.0,1.8333333333333333,2.433333333333333,2.5
S3,S3-ADL3,Accelerometer LH,Accelerometer,26717,0.08036081895422391,0.06785941535352023,7,6,1.0,2.2666666666666666,38.5,50.53333333333333
S3,S3-ADL3,Accelerometer BACK,Accelerometer,26717,0.08384174869933002,0.07092862222554927,2,1,1.0,63.166666666666664,63.166666666666664,63.166666666666664
S3,S3-ADL3,Accelerometer RKN_,Accelerometer,26717,0.10274357150877718,0.0899801624433881,8,7,1.0,1.9666666666666666,38.87999999999999,43.2
S3,S3-ADL3,Accelerometer RWR,Accelerometer,26717,0.027023992214694762,0.014447729909795261,6,5,1.0,3.0,3.2133333333333334,3.2333333333333334
S3,S3-ADL3,Accelerometer RUA^,Accelerometer,26717,0.016843208444061834,0.0011228805629374555,2,1,1.0,1.0,1.0,1.0
S3,S3-ADL3,Accelerometer LUA_,Accelerometer,26717,0.07923793839128644,0.06879514915596811,12,11,1.0,1.5666666666666667,23.933333333333334,45.333333333333336
S3,S3-ADL3,Accelerometer LWR,Accelerometer,26717,0.14990455515215032,0.1417449563948048,46,45,1.0,1.4,5.259999999999997,44.1
S3,S3-ADL3,Accelerometer RH,Accelerometer,26717,0.5033873563648613,0.011453381741962046,12,11,1.0,0.6666666666666666,2.1,2.3666666666666667
S3,S3-ADL3,InertialMeasurementUnit BACK,InertialMeasurementUnit,26717,0.010068495714339185,0.0,1,0,1.0,0.0,0.0,0.0
S3,S3-ADL3,InertialMeasurementUnit RUA,InertialMeasurementUnit,26717,0.010068495714339185,0.0,1,0,1.0,0.0,0.0,0.0
S3,S3-ADL3,InertialMeasurementUnit RLA,InertialMeasurementUnit,26717,0.010068495714339185,0.0,1,0,1.0,0.0,0.0,0.0
S3,S3-ADL3,InertialMeasurementUnit LUA,InertialMeasurementUnit,26717,0.010068495714339185,0.0,1,0,1.0,0.0,0.0,0.0
S3,S3-ADL3,InertialMeasurementUnit LLA,InertialMeasurementUnit,26717,0.010068495714339185,0.0,1,0,1.0,0.0,0.0,0.0
S3,S3-ADL3,InertialMeasurementUnit L-SHOE,InertialMeasurementUnit,26717,0.0,0.0,0,0,1.0,0.0,0.0,0.0
S3,S3-ADL3,InertialMeasurementUnit R-SHOE,InertialMeasurementUnit,26717,0.0,0.0,0,0,1.0,0.0,0.0,0.0
S3,S3-ADL4,Accelerometer RKN^,Accelerometer,27681,0.08550991654925762,0.07637007333550089,36,35,1.0,1.8333333333333333,4.1066666666666665,4.733333333333333
S3,S3-ADL4,Accelerometer HIP,Accelerometer,27681,0.020700119215346268,0.010621003576460388,9,8,1.0,0.9833333333333333,2.083333333333333,2.2
S3,S3-ADL4,Accelerometer LUA^,Accelerometer,27681,0.018207434702503522,0.007839312163577906,12,11,1.0,0.6666666666666666,0.7,0.7
S3,S3-ADL4,Accelerometer RUA_,Accelerometer,27681,0.05682598172031357,0.046277229868863116,12,11,1.0,3.7,8.633333333333333,9.166666666666666
S3,S3-ADL4,Accelerometer LH,Accelerometer,27681,0.029189696904013584,0.018857700227592932,21,20,1.0,0.7166666666666667,1.3700000000000006,2.066666666666667
S3,S3-ADL4,Accelerometer BACK,Accelerometer,27681,0.010295870813915682,0.0,1,0,1.0,0.0,0.0,0.0
S3,S3-ADL4,Accelerometer RKN_,Accelerometer,27681,0.2531700444348109,0.24616162710884723,75,74,1.0,2.283333333333333,8.369999999999976,16.333333333333332
S3,S3-ADL4,Accelerometer RWR,Accelerometer,27681,0.01824356056500849,0.007730934576063004,12,11,1.0,0.6333333333333333,0.6666666666666666,0.6666666666666666
S3,S3-ADL4,Accelerometer RUA^,Accelerometer,27681,0.017232036414869405,0.007080669050973592,11,10,1.0,0.6666666666666666,0.6666666666666666,0.6666666666666666
S3,S3-ADL4,Accelerometer LUA_,Accelerometer,27681,0.017412665727394243,0.007261298363498429,11,10,1.0,0.6666666666666666,0.7,0.7
S3,S3-ADL4,Accelerometer LWR,Accelerometer,27681,0.02051948990282143,0.01047650012644052,15,14,1.0,0.6666666666666666,0.8166666666666665,1.0333333333333334
S3,S3-ADL4,Accelerometer RH,Accelerometer,27681,0.17990679527473719,0.011849282901629276,16,15,1.0,0.6666666666666666,0.9533333333333329,1.2333333333333334
S3,S3-ADL4,InertialMeasurementUnit BACK,InertialMeasurementUnit,27681,0.005057620750695423,0.0,1,0,1.0,0.0,0.0,0.0
S3,S3-ADL4,InertialMeasurementUnit RUA,InertialMeasurementUnit,27681,0.005057620750695423,0.0,1,0,1.0,0.0,0.0,0.0
S3,S3-ADL4,InertialMeasurementUnit RLA,InertialMeasurementUnit,27681,0.005057620750695423,0.0,1,0,1.0,0.0,0.0,0.0
S3,S3-ADL4,InertialMeasurementUnit LUA,InertialMeasurementUnit,27681,0.005057620750695423,0.0,1,0,1.0,0.0,0.0,0.0
S3,S3-ADL4,InertialMeasurementUnit LLA,InertialMeasurementUnit,27681,0.005057620750695423,0.0,1,0,1.0,0.0,0.0,0.0
S3,S3-ADL4,InertialMeasurementUnit L-SHOE,InertialMeasurementUnit,27681,0.0,0.0,0,0,1.0,0.0,0.0,0.0
S3,S3-ADL4,InertialMeasurementUnit R-SHOE,InertialMeasurementUnit,27681,0.0,0.0,0,0,1.0,0.0,0.0,0.0
S3,S3-ADL5,Accelerometer RKN^,Accelerometer,26495,0.11511605963389318,0.10609548971504057,27,26,1.0,1.6833333333333333,8.633333333333333,20.266666666666666
S3,S3-ADL5,Accelerometer HIP,Accelerometer,26495,0.04193244008303453,0.030722777882619363,15,14,1.0,1.5333333333333334,4.025,4.133333333333334
S3,S3-ADL5,Accelerometer LUA^,Accelerometer,26495,0.041253066616342704,0.029515002830722777,2,1,1.0,26.066666666666666,26.066666666666666,26.066666666666666
S3,S3-ADL5,Accelerometer RUA_,Accelerometer,26495,0.03879977354217777,0.02732591054916022,5,4,1.0,6.85,9.266666666666667,9.466666666666667
S3,S3-ADL5,Accelerometer LH,Accelerometer,26495,0.02709945272692961,0.015361388941309681,18,17,1.0,0.6666666666666666,1.1933333333333327,1.7
S3,S3-ADL5,Accelerometer BACK,Accelerometer,26495,0.012417437252311756,0.0007171164370635969,2,1,1.0,0.6333333333333333,0.6333333333333333,0.6333333333333333
S3,S3-ADL5,Accelerometer RKN_,Accelerometer,26495,0.25499150783166635,0.25159464049820723,56,55,1.0,2.3666666666666667,11.27999999999998,29.833333333333332
S3,S3-ADL5,Accelerometer RWR,Accelerometer,26495,0.020494432911870163,0.008831855066993773,4,3,1.0,2.2333333333333334,4.483333333333333,4.733333333333333
S3,S3-ADL5,Accelerometer RUA^,Accelerometer,26495,0.019135685978486507,0.007548594074353651,11,10,1.0,0.6666666666666666,0.7,0.7
S3,S3-ADL5,Accelerometer LUA_,Accelerometer,26495,0.01773919607473108,0.006114361200226457,9,8,1.0,0.6666666666666666,0.7,0.7
S3,S3-ADL5,Accelerometer LWR,Accelerometer,26495,0.011738063785619928,0.0,1,0,1.0,0.0,0.0,0.0
S3,S3-ADL5,Accelerometer RH,Accelerometer,26495,0.03404415927533497,0.02249481034157388,26,25,1.0,0.7333333333333333,1.1266666666666665,1.2666666666666666
S3,S3-ADL5,InertialMeasurementUnit BACK,InertialMeasurementUnit,26495,0.010983204378184563,0.0,1,0,1.0,0.0,0.0,0.0
S3,S3-ADL5,InertialMeasurementUnit RUA,InertialMeasurementUnit,26495,0.010983204378184563,0.0,1,0,1.0,0.0,0.0,0.0
S3,S3-ADL5,InertialMeasurementUnit RLA,InertialMeasurementUnit,26495,0.010983204378184563,0.0,1,0,1.0,0.0,0.0,0.0
S3,S3-ADL5,InertialMeasurementUnit LUA,InertialMeasurementUnit,26495,0.010983204378184563,0.0,1,0,1.0,0.0,0.0,0.0
S3,S3-ADL5,InertialMeasurementUnit LLA,InertialMeasurementUnit,26495,0.010983204378184563,0.0,1,0,1.0,0.0,0.0,0.0
S3,S3-ADL5,InertialMeasurementUnit L-SHOE,InertialMeasurementUnit,26495,0.0,0.0,0,0,1.0,0.0,0.0,0.0
S3,S3-ADL5,InertialMeasurementUnit R-SHOE,InertialMeasurementUnit,26495,0.0,0.0,0,0,1.0,0.0,0.0,0.0
S3,S3-Drill,Accelerometer RKN^,Accelerometer,70928,0.04350891044439432,0.02637886307241146,52,51,1.0,0.8,2.966666666666667,5.133333333333334
S3,S3-Drill,Accelerometer HIP,Accelerometer,70928,0.013365666591473042,0.0021007218587863748,6,5,1.0,0.8,1.613333333333333,1.8
S3,S3-Drill,Accelerometer LUA^,Accelerometer,70928,0.035275208662305435,0.013013196480938417,7,6,1.0,0.6666666666666666,20.775,27.466666666666665
S3,S3-Drill,Accelerometer RUA_,Accelerometer,70928,0.013196480938416423,0.005174261222648319,18,17,1.0,0.6666666666666666,1.0733333333333335,1.1
S3,S3-Drill,Accelerometer LH,Accelerometer,70928,0.02557523122039251,0.017256936611775322,22,21,1.0,0.6666666666666666,1.0,26.066666666666666
S3,S3-Drill,Accelerometer BACK,Accelerometer,70928,0.00857207308820212,0.0005639521768554027,3,2,1.0,0.6666666666666666,0.6666666666666666,0.6666666666666666
S3,S3-Drill,Accelerometer RKN_,Accelerometer,70928,0.17070832393413038,0.1491794495826754,176,175,1.0,1.3,5.236666666666663,13.533333333333333
S3,S3-Drill,Accelerometer RWR,Accelerometer,70928,0.02245939544326641,0.014437175727498308,42,41,1.0,0.6666666666666666,1.2,1.2333333333333334
S3,S3-Drill,Accelerometer RUA^,Accelerometer,70928,0.026336566659147305,0.01806056846379427,13,12,1.0,0.6833333333333333,16.416666666666643,33.46666666666667
S3,S3-Drill,Accelerometer LUA_,Accelerometer,70928,0.012590232348296865,0.0037220843672456576,14,13,1.0,0.6666666666666666,0.7,0.7
S3,S3-Drill,Accelerometer LWR,Accelerometer,70928,0.011391833972479134,0.002565982404692082,10,9,1.0,0.6666666666666666,0.7,0.7
S3,S3-Drill,Accelerometer RH,Accelerometer,70928,0.0640085720730882,0.05600045116174148,146,145,1.0,0.6666666666666666,2.3933333333333326,3.6333333333333333
S3,S3-Drill,InertialMeasurementUnit BACK,InertialMeasurementUnit,70928,0.00743006993006993,0.0,1,0,1.0,0.0,0.0,0.0
S3,S3-Drill,InertialMeasurementUnit RUA,InertialMeasurementUnit,70928,0.00743006993006993,0.0,1,0,1.0,0.0,0.0,0.0
S3,S3-Drill,InertialMeasurementUnit RLA,InertialMeasurementUnit,70928,0.00743006993006993,0.0,1,0,1.0,0.0,0.0,0.0
S3,S3-Drill,InertialMeasurementUnit LUA,InertialMeasurementUnit,70928,0.00743006993006993,0.0,1,0,1.0,0.0,0.0,0.0
S3,S3-Drill,InertialMeasurementUnit LLA,InertialMeasurementUnit,70928,0.00743006993006993,0.0,1,0,1.0,0.0,0.0,0.0
S3,S3-Drill,InertialMeasurementUnit L-SHOE,InertialMeasurementUnit,70928,0.002876156101962554,0.0,1,0,1.0,0.0,0.0,0.0
S3,S3-Drill,InertialMeasurementUnit R-SHOE,InertialMeasurementUnit,70928,0.002876156101962554,0.0,1,0,1.0,0.0,0.0,0.0
S4,S4-ADL1,Accelerometer RKN^,Accelerometer,41588,0.15720881023372127,0.14872078484178128,73,72,1.0,1.95,6.575,10.833333333333334
S4,S4-ADL1,Accelerometer HIP,Accelerometer,41588,0.041189766278734254,0.03113879003558719,24,23,1.0,1.6333333333333333,3.4166666666666656,5.133333333333334
S4,S4-ADL1,Accelerometer LUA^,Accelerometer,41588,0.013850149081465807,0.005193805905549678,12,11,1.0,0.6666666666666666,0.6666666666666666,0.6666666666666666
S4,S4-ADL1,Accelerometer RUA_,Accelerometer,41588,0.014018466865441954,0.005602577666634606,12,11,1.0,0.6666666666666666,0.9166666666666666,1.1666666666666667
S4,S4-ADL1,Accelerometer LH,Accelerometer,41588,0.10474175242858517,0.09642204482062133,28,27,1.0,0.6666666666666666,35.08666666666666,47.333333333333336
S4,S4-ADL1,Accelerometer BACK,Accelerometer,41588,0.008488025391939982,0.0,1,0,1.0,0.0,0.0,0.0
S4,S4-ADL1,Accelerometer RKN_,Accelerometer,41588,0.13765990189477734,0.13051841877464654,55,54,1.0,2.0833333333333335,10.10666666666666,12.566666666666666
S4,S4-ADL1,Accelerometer RWR,Accelerometer,41588,0.020510724247379052,0.012070789650860825,23,22,1.0,0.6666666666666666,0.8249999999999998,2.7333333333333334
S4,S4-ADL1,Accelerometer RUA^,Accelerometer,41588,0.013729922092911417,0.005289987496393191,12,11,1.0,0.6666666666666666,0.7,0.7
S4,S4-ADL1,Accelerometer LUA_,Accelerometer,41588,0.3428152351639896,0.027411753390401077,8,7,1.0,0.6666666666666666,23.96333333333331,33.93333333333333
S4,S4-ADL1,Accelerometer LWR,Accelerometer,41588,0.013994421467731076,0.005698759257478119,13,12,1.0,0.6666666666666666,0.6666666666666666,0.6666666666666666
S4,S4-ADL1,Accelerometer RH,Accelerometer,41588,0.036332595941136865,0.027988842935462152,46,45,1.0,0.6666666666666666,1.5466666666666664,4.666666666666667
S4,S4-ADL1,InertialMeasurementUnit BACK,InertialMeasurementUnit,41588,0.00788689044916803,0.0,1,0,1.0,0.0,0.0,0.0
S4,S4-ADL1,InertialMeasurementUnit RUA,InertialMeasurementUnit,41588,0.00788689044916803,0.0,1,0,1.0,0.0,0.0,0.0
S4,S4-ADL1,InertialMeasurementUnit RLA,InertialMeasurementUnit,41588,0.00788689044916803,0.0,1,0,1.0,0.0,0.0,0.0
S4,S4-ADL1,InertialMeasurementUnit LUA,InertialMeasurementUnit,41588,0.00788689044916803,0.0,1,0,1.0,0.0,0.0,0.0
S4,S4-ADL1,InertialMeasurementUnit LLA,InertialMeasurementUnit,41588,0.00788689044916803,0.0,1,0,1.0,0.0,0.0,0.0
S4,S4-ADL1,InertialMeasurementUnit L-SHOE,InertialMeasurementUnit,41588,0.0050735789169952875,0.0,1,0,1.0,0.0,0.0,0.0
S4,S4-ADL1,InertialMeasurementUnit R-SHOE,InertialMeasurementUnit,41588,0.0050735789169952875,0.0,1,0,1.0,0.0,0.0,0.0
S4,S4-ADL2,Accelerometer RKN^,Accelerometer,27737,0.09947002199228468,0.09507156505750441,35,34,1.0,2.0166666666666666,5.686666666666664,8.766666666666667
S4,S4-ADL2,Accelerometer HIP,Accelerometer,27737,0.021559649565562247,0.01564696975159534,10,9,1.0,1.4333333333333333,2.353333333333333,2.433333333333333
S4,S4-ADL2,Accelerometer LUA^,Accelerometer,27737,0.012798788621696651,0.006525579550780546,10,9,1.0,0.6666666666666666,0.7,0.7
S4,S4-ADL2,Accelerometer RUA_,Accelerometer,27737,0.014276958575188377,0.008256119984136712,12,11,1.0,0.6666666666666666,0.8666666666666667,1.0333333333333334
S4,S4-ADL2,Accelerometer LH,Accelerometer,27737,0.04960882575621012,0.036413454951869345,48,46,1.0,0.6666666666666666,1.2583333333333333,1.3666666666666667
S4,S4-ADL2,Accelerometer BACK,Accelerometer,27737,0.006165050293831345,0.0,1,0,1.0,0.0,0.0,0.0
S4,S4-ADL2,Accelerometer RKN_,Accelerometer,27737,0.11327829253343909,0.10906010022713343,38,37,1.0,1.9666666666666666,5.026666666666662,16.4
S4,S4-ADL2,Accelerometer RWR,Accelerometer,27737,0.006814002956339907,0.0006850055882034827,2,1,1.0,0.6333333333333333,0.6333333333333333,0.6333333333333333
S4,S4-ADL2,Accelerometer RUA^,Accelerometer,27737,0.013916429318239176,0.00789559072718751,12,11,1.0,0.6666666666666666,0.6666666666666666,0.6666666666666666
S4,S4-ADL2,Accelerometer LUA_,Accelerometer,27737,0.011969571330713488,0.005912679813966903,9,8,1.0,0.6833333333333333,0.7,0.7
S4,S4-ADL2,Accelerometer LWR,Accelerometer,27737,0.006850055882034827,0.000757111439593323,2,1,1.0,0.7,0.7,0.7
S4,S4-ADL2,Accelerometer RH,Accelerometer,27737,0.02729206475105455,0.024515989472545695,31,29,1.0,0.6666666666666666,1.1266666666666665,1.8666666666666667
S4,S4-ADL2,InertialMeasurementUnit BACK,InertialMeasurementUnit,27737,0.005371885928543102,0.0,1,0,1.0,0.0,0.0,0.0
S4,S4-ADL2,InertialMeasurementUnit RUA,InertialMeasurementUnit,27737,0.005371885928543102,0.0,1,0,1.0,0.0,0.0,0.0
S4,S4-ADL2,InertialMeasurementUnit RLA,InertialMeasurementUnit,27737,0.005371885928543102,0.0,1,0,1.0,0.0,0.0,0.0
S4,S4-ADL2,InertialMeasurementUnit LUA,InertialMeasurementUnit,27737,0.005371885928543102,0.0,1,0,1.0,0.0,0.0,0.0
S4,S4-ADL2,InertialMeasurementUnit LLA,InertialMeasurementUnit,27737,0.005371885928543102,0.0,1,0,1.0,0.0,0.0,0.0
S4,S4-ADL2,InertialMeasurementUnit L-SHOE,InertialMeasurementUnit,27737,0.0,0.0,0,0,1.0,0.0,0.0,0.0
S4,S4-ADL2,InertialMeasurementUnit R-SHOE,InertialMeasurementUnit,27737,0.0,0.0,0,0,1.0,0.0,0.0,0.0
S4,S4-ADL3,Accelerometer RKN^,Accelerometer,25132,0.15128123507878402,0.12943657488460927,45,44,1.0,1.6666666666666667,5.821666666666667,9.0
S4,S4-ADL3,Accelerometer HIP,Accelerometer,25132,0.03640776699029126,0.012494031513608148,8,7,1.0,1.3666666666666667,2.3966666666666665,2.566666666666667
S4,S4-ADL3,Accelerometer LUA^,Accelerometer,25132,0.11288397262454242,0.08877128760146427,10,9,1.0,0.6666666666666666,41.74666666666664,69.13333333333334
S4,S4-ADL3,Accelerometer RUA_,Accelerometer,25132,0.03051886041699825,0.006366385484641095,9,8,1.0,0.6666666666666666,0.6883333333333332,0.7
S4,S4-ADL3,Accelerometer LH,Accelerometer,25132,0.9958220595257042,0.9717093745026262,2,1,1.0,814.0333333333333,814.0333333333333,814.0333333333333
S4,S4-ADL3,Accelerometer BACK,Accelerometer,25132,0.024152474932357153,0.0,1,0,1.0,0.0,0.0,0.0
S4,S4-ADL3,Accelerometer RKN_,Accelerometer,25132,0.19560719401559765,0.1750358109183511,58,57,1.0,1.6666666666666667,5.439999999999997,15.633333333333333
S4,S4-ADL3,Accelerometer RWR,Accelerometer,25132,0.016632182078624862,0.01436415724972147,16,15,1.0,0.7,1.323333333333333,1.5333333333333334
S4,S4-ADL3,Accelerometer RUA^,Accelerometer,25132,0.031752347604647464,0.007798822218685341,11,10,1.0,0.6666666666666666,0.6666666666666666,0.6666666666666666
S4,S4-ADL3,Accelerometer LUA_,Accelerometer,25132,0.03274709533662263,0.008912939678497532,12,11,1.0,0.6666666666666666,0.7,0.7
S4,S4-ADL3,Accelerometer LWR,Accelerometer,25132,0.0342989017985039,0.010424956231099793,14,13,1.0,0.6666666666666666,0.7,0.7
S4,S4-ADL3,Accelerometer RH,Accelerometer,25132,0.027773356676746776,0.0011141174598121915,2,1,1.0,0.9333333333333333,0.9333333333333333,0.9333333333333333
S4,S4-ADL3,InertialMeasurementUnit BACK,InertialMeasurementUnit,25132,0.023157727200381985,0.0,1,0,1.0,0.0,0.0,0.0
S4,S4-ADL3,InertialMeasurementUnit RUA,InertialMeasurementUnit,25132,0.023157727200381985,0.0,1,0,1.0,0.0,0.0,0.0
S4,S4-ADL3,InertialMeasurementUnit RLA,InertialMeasurementUnit,25132,0.023157727200381985,0.0,1,0,1.0,0.0,0.0,0.0
S4,S4-ADL3,InertialMeasurementUnit LUA,InertialMeasurementUnit,25132,0.023157727200381985,0.0,1,0,1.0,0.0,0.0,0.0
S4,S4-ADL3,InertialMeasurementUnit LLA,InertialMeasurementUnit,25132,0.023157727200381985,0.0,1,0,1.0,0.0,0.0,0.0
S4,S4-ADL3,InertialMeasurementUnit L-SHOE,InertialMeasurementUnit,25132,0.0,0.0,0,0,1.0,0.0,0.0,0.0
S4,S4-ADL3,InertialMeasurementUnit R-SHOE,InertialMeasurementUnit,25132,0.0,0.0,0,0,1.0,0.0,0.0,0.0
S4,S4-ADL4,Accelerometer RKN^,Accelerometer,22230,0.08461538461538462,0.03873144399460189,16,15,1.0,1.5666666666666667,4.7733333333333325,5.1
S4,S4-ADL4,Accelerometer HIP,Accelerometer,22230,0.04673864147548358,0.0,1,0,1.0,0.0,0.0,0.0
S4,S4-ADL4,Accelerometer LUA^,Accelerometer,22230,0.04754835807467386,0.0009446693657219973,2,1,1.0,0.7,0.7,0.7
S4,S4-ADL4,Accelerometer RUA_,Accelerometer,22230,0.05623031938821413,0.009806567701304543,11,10,1.0,0.6666666666666666,0.9749999999999995,1.2
S4,S4-ADL4,Accelerometer LH,Accelerometer,22230,0.9999550157444894,0.0,2,0,1.0,0.0,0.0,0.0
S4,S4-ADL4,Accelerometer BACK,Accelerometer,22230,0.04745838956365272,0.0008547008547008547,2,1,1.0,0.6333333333333333,0.6333333333333333,0.6333333333333333
S4,S4-ADL4,Accelerometer RKN_,Accelerometer,22230,0.13166891587944218,0.08686459739091318,30,29,1.0,1.9666666666666666,3.8866666666666663,6.966666666666667
S4,S4-ADL4,Accelerometer RWR,Accelerometer,22230,0.03909131803868646,0.005263157894736842,4,3,1.0,1.3666666666666667,1.7866666666666666,1.8333333333333333
S4,S4-ADL4,Accelerometer RUA^,Accelerometer,22230,0.05542060278902384,0.008906882591093117,11,10,1.0,0.6666666666666666,0.6666666666666666,0.6666666666666666
S4,S4-ADL4,Accelerometer LUA_,Accelerometer,22230,0.04651372019793072,0.0,1,0,1.0,0.0,0.0,0.0
S4,S4-ADL4,Accelerometer LWR,Accelerometer,22230,0.05753486279802069,0.011021142600089968,13,12,1.0,0.6666666666666666,0.715,0.7333333333333333
S4,S4-ADL4,Accelerometer RH,Accelerometer,22230,0.10764732343679712,0.06009896536212326,12,10,1.0,1.4666666666666666,16.10666666666666,19.766666666666666
S4,S4-ADL4,InertialMeasurementUnit BACK,InertialMeasurementUnit,22230,0.0456140350877193,0.0,1,0,1.0,0.0,0.0,0.0
S4,S4-ADL4,InertialMeasurementUnit RUA,InertialMeasurementUnit,22230,0.0456140350877193,0.0,1,0,1.0,0.0,0.0,0.0
S4,S4-ADL4,InertialMeasurementUnit RLA,InertialMeasurementUnit,22230,0.0456140350877193,0.0,1,0,1.0,0.0,0.0,0.0
S4,S4-ADL4,InertialMeasurementUnit LUA,InertialMeasurementUnit,22230,0.0456140350877193,0.0,1,0,1.0,0.0,0.0,0.0
S4,S4-ADL4,InertialMeasurementUnit LLA,InertialMeasurementUnit,22230,0.0456140350877193,0.0,1,0,1.0,0.0,0.0,0.0
S4,S4-ADL4,InertialMeasurementUnit L-SHOE,InertialMeasurementUnit,22230,0.0,0.0,0,0,1.0,0.0,0.0,0.0
S4,S4-ADL4,InertialMeasurementUnit R-SHOE,InertialMeasurementUnit,22230,0.0,0.0,0,0,1.0,0.0,0.0,0.0
S4,S4-ADL5,Accelerometer RKN^,Accelerometer,30527,0.05408327054738428,0.045500704294558915,26,25,1.0,1.2333333333333334,5.526666666666663,6.8
S4,S4-ADL5,Accelerometer HIP,Accelerometer,30527,0.011727323353097258,0.0018999574147476005,3,2,1.0,0.9666666666666667,1.0866666666666667,1.1
S4,S4-ADL5,Accelerometer LUA^,Accelerometer,30527,0.08733252530546728,0.07727585416188948,3,2,1.0,39.31666666666667,73.89166666666667,77.73333333333333
S4,S4-ADL5,Accelerometer RUA_,Accelerometer,30527,0.012022144331247748,0.0021620205064369247,4,3,1.0,0.6666666666666666,0.8466666666666666,0.8666666666666667
S4,S4-ADL5,Accelerometer LH,Accelerometer,30527,0.0287941821993645,0.012710059946932225,21,19,1.0,0.6666666666666666,0.7699999999999999,0.8
S4,S4-ADL5,Accelerometer BACK,Accelerometer,30527,0.009991155370655485,0.0,1,0,1.0,0.0,0.0,0.0
S4,S4-ADL5,Accelerometer RKN_,Accelerometer,30527,0.10227012153175877,0.09440822878107905,51,50,1.0,1.4,3.8616666666666624,18.966666666666665
S4,S4-ADL5,Accelerometer RWR,Accelerometer,30527,0.01647721688996626,0.0065843351786942705,11,10,1.0,0.6666666666666666,0.7,0.7
S4,S4-ADL5,Accelerometer RUA^,Accelerometer,30527,0.01700134307334491,0.007108461362072919,12,11,1.0,0.6666666666666666,0.6666666666666666,0.6666666666666666
S4,S4-ADL5,Accelerometer LUA_,Accelerometer,30527,0.015854817047204116,0.006420545746388443,5,4,1.0,0.9666666666666667,3.5566666666666658,3.966666666666667
S4,S4-ADL5,Accelerometer LWR,Accelerometer,30527,0.010351492121728307,0.0006551577292233105,2,1,1.0,0.6666666666666666,0.6666666666666666,0.6666666666666666
S4,S4-ADL5,Accelerometer RH,Accelerometer,30527,0.011596291807252596,0.001867199528286435,3,2,1.0,0.95,1.2049999999999998,1.2333333333333334
S4,S4-ADL5,InertialMeasurementUnit BACK,InertialMeasurementUnit,30527,0.009106692436204017,0.0,1,0,1.0,0.0,0.0,0.0
S4,S4-ADL5,InertialMeasurementUnit RUA,InertialMeasurementUnit,30527,0.009106692436204017,0.0,1,0,1.0,0.0,0.0,0.0
S4,S4-ADL5,InertialMeasurementUnit RLA,InertialMeasurementUnit,30527,0.009106692436204017,0.0,1,0,1.0,0.0,0.0,0.0
S4,S4-ADL5,InertialMeasurementUnit LUA,InertialMeasurementUnit,30527,0.009106692436204017,0.0,1,0,1.0,0.0,0.0,0.0
S4,S4-ADL5,InertialMeasurementUnit LLA,InertialMeasurementUnit,30527,0.009106692436204017,0.0,1,0,1.0,0.0,0.0,0.0
S4,S4-ADL5,InertialMeasurementUnit L-SHOE,InertialMeasurementUnit,30527,0.0,0.0,0,0,1.0,0.0,0.0,0.0
S4,S4-ADL5,InertialMeasurementUnit R-SHOE,InertialMeasurementUnit,30527,0.0,0.0,0,0,1.0,0.0,0.0,0.0
S4,S4-Drill,Accelerometer RKN^,Accelerometer,45460,0.08460184777826661,0.07846458424989002,103,102,1.0,0.6666666666666666,3.093333333333332,5.933333333333334
S4,S4-Drill,Accelerometer HIP,Accelerometer,45460,0.009018917729872416,0.005389353277606687,8,7,1.0,1.0666666666666667,1.9166666666666663,2.066666666666667
S4,S4-Drill,Accelerometer LUA^,Accelerometer,45460,0.007721073471183458,0.004399472063352398,11,10,1.0,0.6666666666666666,0.6666666666666666,0.6666666666666666
S4,S4-Drill,Accelerometer RUA_,Accelerometer,45460,0.01205455345358557,0.008754949406071272,21,20,1.0,0.6666666666666666,0.6683333333333333,0.7
S4,S4-Drill,Accelerometer LH,Accelerometer,45460,0.015772107347118345,0.012472503299604048,26,25,1.0,0.6666666666666666,1.273333333333333,1.3666666666666667
S4,S4-Drill,Accelerometer BACK,Accelerometer,45460,0.0033435987681478224,0.0,1,0,1.0,0.0,0.0,0.0
S4,S4-Drill,Accelerometer RKN_,Accelerometer,45460,0.12912450505939288,0.1221073471183458,109,108,1.0,1.0166666666666666,4.3283333333333305,8.866666666666667
S4,S4-Drill,Accelerometer RWR,Accelerometer,45460,0.016102067751869776,0.012758468983721953,29,28,1.0,0.6666666666666666,0.9266666666666661,1.1
S4,S4-Drill,Accelerometer RUA^,Accelerometer,45460,0.008139023317201935,0.004817421909370875,12,11,1.0,0.6666666666666666,0.6833333333333333,0.7
S4,S4-Drill,Accelerometer LUA_,Accelerometer,45460,0.005521337439507259,0.0022217333919929607,6,5,1.0,0.6666666666666666,0.6933333333333334,0.7
S4,S4-Drill,Accelerometer LWR,Accelerometer,45460,0.007677078750549934,0.004377474703035636,11,10,1.0,0.6666666666666666,0.7,0.7
S4,S4-Drill,Accelerometer RH,Accelerometer,45460,0.12039155301363837,0.11183457985041795,228,226,1.0,0.6666666666666666,1.2916666666666667,1.9
S4,S4-Drill,InertialMeasurementUnit BACK,InertialMeasurementUnit,45460,0.002661680598328201,0.0,1,0,1.0,0.0,0.0,0.0
S4,S4-Drill,InertialMeasurementUnit RUA,InertialMeasurementUnit,45460,0.002661680598328201,0.0,1,0,1.0,0.0,0.0,0.0
S4,S4-Drill,InertialMeasurementUnit RLA,InertialMeasurementUnit,45460,0.002661680598328201,0.0,1,0,1.0,0.0,0.0,0.0
S4,S4-Drill,InertialMeasurementUnit LUA,InertialMeasurementUnit,45460,0.002661680598328201,0.0,1,0,1.0,0.0,0.0,0.0
S4,S4-Drill,InertialMeasurementUnit LLA,InertialMeasurementUnit,45460,0.002661680598328201,0.0,1,0,1.0,0.0,0.0,0.0
S4,S4-Drill,InertialMeasurementUnit L-SHOE,InertialMeasurementUnit,45460,0.002111746590409151,0.0,1,0,1.0,0.0,0.0,0.0
S4,S4-Drill,InertialMeasurementUnit R-SHOE,InertialMeasurementUnit,45460,0.002111746590409151,0.0,1,0,1.0,0.0,0.0,0.0
