run_s,ccdf
0.004000000000000001,0.9999999999999906
0.004109953028803758,0.9999999999999873
0.004222928474743296,0.999999999999983
0.00433900941879821,0.9999999999999774
0.0044582812256994345,0.9999999999999698
0.0045808316067055795,0.9999999999999598
0.004706750684104894,0.9999999999999465
0.004836131057490267,0.999999999999929
0.004969067871856011,0.9999999999999057
0.005105658887566514,0.9999999999998751
0.005246004552248204,0.9999999999998348
0.0053902080746577015,0.9999999999997817
0.005538375500580473,0.9999999999997121
0.00569061579081581,0.9999999999996207
0.005847040901305484,0.9999999999995012
0.006007765865464981,0.9999999999993447
0.006172908878777907,0.9999999999991404
0.006342591385715716,0.999999999998874
0.006516938169046733,0.999999999998527
0.006696077441600109,0.9999999999980758
0.00688014094055222,0.9999999999974899
0.007069264024304832,0.9999999999967302
0.007263585772026271,0.9999999999957464
0.0074632490859288135,0.9999999999944743
0.0076684007963575005,0.9999999999928317
0.007879191769767665,0.9999999999907139
0.008095777019670562,0.9999999999879869
0.008318315820628723,0.999999999984481
0.00854697182538481,0.9999999999799796
0.00878191318521017,0.9999999999742083
0.009023312673561547,0.9999999999668195
0.009271347813136904,0.9999999999573733
0.009526201006423778,0.9999999999453137
0.009788059669836202,0.9999999999299398
0.010057116371538801,0.9999999999103684
0.010333568973059438,0.9999999998854886
0.01061762077479454,0.9999999998539055
0.010909480665514133,0.9999999998138701
0.011209363275976462,0.9999999997631922
0.011517489136765266,0.9999999996991334
0.011834084840465695,0.9999999996182757
0.012159383208298154,0.9999999995163583
0.01249362346133264,0.999999999388078
0.01283705139640944,0.9999999992268448
0.01318991956689562,0.9999999990244804
0.013552487468410151,0.9999999987708524
0.013925021729654317,0.999999998453425
0.014307796308487724,0.9999999980567127
0.014701092693394088,0.999999997561615
0.015105200110484955,0.9999999969446075
0.015520415736193623,0.9999999961767623
0.015947044915815622,0.9999999952225587
0.01638540138805649,0.9999999940384474
0.01683580751575202,0.9999999925711168
0.017298594522930522,0.9999999907554028
0.017774102738391598,0.9999999885117742
0.01826268184598043,0.9999999857433124
0.018764691141741667,0.9999999823320895
0.01928049979814205,0.9999999781348311
0.01981048713555604,0.9999999729777336
0.020355042901214104,0.9999999666502792
0.02091456755581883,0.9999999588978694
0.021489472568039604,0.9999999494130634
0.022080180717102403,0.9999999378251773
0.02268712640369734,0.9999999236879574
0.023310755969432394,0.9999999064649957
0.02395152802506849,0.9999998855125032
0.024609913787777073,0.9999998600589991
0.025286397427668438,0.9999998291814018
0.025981476423845358,0.9999997917769371
0.026695661930244162,0.9999997465301835
0.02742947915153204,0.999999691874487
0.02818346772933716,0.9999996259468554
0.028958182139095553,0.9999995465353287
0.02975419209780666,0.9999994510176746
0.03057208298299734,0.9999993362901084
0.03141245626320243,0.9999991986845604
0.0322759299402786,0.9999990338728226
0.03316313900387648,0.9999988367556941
0.03407473589840553,0.9999986013350085
0.03501139100283499,0.9999983205661689
0.035973793123683574,0.9999979861885315
0.03696265000156077,0.9999975885306694
0.03797868883163198,0.999997116287209
0.03902265679839033,0.9999965562635654
0.04009532162512846,0.999995893084507
0.041197472138514386,0.9999951088620482
0.0423299188486864,0.9999941828177157
0.043493494545293984,0.9999930908537387
0.044689054909922685,0.9999918050671965
0.04591747914535354,0.999990293200603
0.047179670622119786,0.999988518021827
0.04847655754283622,0.9999864366256452
0.04980909362478984,0.9999839996485851
0.05117825880129374,0.9999811503880714
0.05258505994231994,0.9999778238162172
0.05403053159494124,0.9999739454779203
0.05551573674412647,0.9999694302622469
0.057041767594448664,0.9999641810354002
0.05860974637328108,0.9999580871229029
0.06022082615607165,0.9999510226279812
0.06187619171430281,0.9999428445725196
0.0635770603867602,0.9999333908463951
0.06532468297475111,0.9999224779504926
0.0671203446619309,0.9999098985182766
0.06896536595941376,0.9998954186004619
0.07086110367686302,0.9998787746971063
0.0728089519202751,0.9998596705213615
0.07481034311719047,0.9998377734791872
0.07686674907008632,0.9998127108495801
0.07897968203872492,0.9997840656503127
0.08115069585225382,0.9997513721748525
0.08338138705187577,0.9997141111870492
0.0856733960649288,0.9996717047613746
0.08802840841123952,0.9996235107579953
0.09044815594263701,0.9995688169237752
0.09293441811653888,0.9995068346124677
0.09548902330454595,0.9994366921198946
0.0981138501370078,0.999357427632825
0.1008108288845483,0.9992679817935946
0.10358194287756664,0.9991671898862483
0.10642922996475822,0.9990537736541645
0.10935478401172742,0.9989263327637192
0.11236075644079495,0.9987833359335956
0.11544935781313163,0.9986231117548074
0.11862285945438228,0.9984438392323927
0.12188359512497522,0.9982435380860156
0.1252339627363457,0.9980200588533664
0.12867642611433522,0.9977710728472363
0.13221351681106375,0.9974940620244235
0.135847835966607,0.9971863088321423
0.1395820562218481,0.9968448861052978
0.14341892368391027,0.9964666470957851
0.14736125994561547,0.9960482157227908
0.15141196416045505,0.9955859771408174
0.15557401517459707,0.9950760687297386
0.15985047371749922,0.994514371618489
0.16424448465273786,0.9938965028609027
0.16875927929070805,0.9932178083886085
0.1733981777648962,0.9924733568716276
0.17816459147347186,0.9916579346222912
0.18306202558799495,0.9907660416821357
0.1880940816310827,0.9897918892344256
0.1932644601249324,0.9887293984867546
0.19857696331264724,0.9875722011686373
0.2040354979543668,0.9863136417880214
0.20964407820025815,0.9849467817880746
0.2154068285424807,0.9834644057413386
0.22132798684829508,0.9818590297122822
0.22741190747654716,0.9801229119113466
0.23366306447981883,0.9782480657536919
0.24008605489459978,0.97622627542397
0.24668560212190138,0.9740491140345449
0.2534665594007968,0.971707964448663
0.2604339133774431,0.9691940428221496
0.2675927877722094,0.9664984248973518
0.2749484471476083,0.9636120750613303
0.28250630077980066,0.9605258781568415
0.29027190663652175,0.9572306740096048
0.29825097546435353,0.9537172946088752
0.30644937498834873,0.9499766038506733
0.31487313422709556,0.9459995397243853
0.3235284479263959,0.9417771587941116
0.3324216811148174,0.937300682796414
0.34155937378447015,0.9325615471463045
0.35094824570044947,0.9275514511137789
0.3605952013424819,0.9222624094042889
0.37050733498240856,0.9166868048486377
0.3806919359012396,0.9108174418812647
0.3911564937496165,0.9046476004611415
0.4019087040556235,0.898171090066916
0.4129564738840009,0.8913823033779034
0.4243079276509171,0.8842762692353885
0.4359714130985834,0.8768487044648271
0.447955507434094,0.8690960641292405
0.46026902363701994,0.8610155897776599
0.47292101694037936,0.8526053552501911
0.4859207914897665,0.8438643096032873
0.499277907185521,0.8347923167253819
0.5130021867129837,0.8253901912241718
0.5271037227659943,0.8156597301827057
0.5415928854689588,0.8056037404019266
0.5564803300029282,0.7952260607724873
0.5717770044413125,0.7845315794482671
0.5874941578009777,0.7735262455279998
0.6036433483146606,0.7622170749894144
0.6202364519307699,0.7506121506621003
0.6372856710468413,0.7387206160704527
0.6548035434830498,0.7265526630262298
0.6728029517023988,0.7141195129008799
0.6912971322843452,0.7014333915604586
0.7102996856588494,0.6885074980000035
0.7298245861079858,0.6753559667691804
0.7498861920424917,0.6619938243361401
0.7704992565607883,0.648436939591323
0.7916789382982643,0.6347019687466622
0.8134408125747732,0.6208062949377556
0.8358008828485701,0.6067679628863597
0.8587755924850834,0.5926056090275301
0.882381836849203,0.5783383875491872
0.9066369757299507,0.5639858928314221
0.9315588461066979,0.5495680788078539
0.9571657752662887,0.5351051758014951
0.9834765942807454,0.5206176054123741
1.0105106518554379,0.5061258940534078
1.0382878285579298,0.49165058574436027
1.0668285514379343,0.47721215478109824
1.0961538090491665,0.46283091889855876
1.1262851668840987,0.44852695354099015
1.1572447832330124,0.43432000784202685
1.1890554254789663,0.42022942290031573
1.2217404868407051,0.40627405291377705
1.2553240035757827,0.39247218970759157
1.2898306726565876,0.37884149115787813
1.3252858699322332,0.3653989139753011
1.3617156687897003,0.3521606512708706
1.3991468593279415,0.33914207528061147
1.4376069680590338,0.3263576855770355
1.4771242781509037,0.31382106304410495
1.517727850226467,0.3015448298392338
1.5594475437345219,0.2895406155114254
1.6023140389080688,0.27781902938959036
1.6463588593262506,0.26638963929997783
1.6916143950964548,0.25526095661718995
1.7381139266736787,0.244440427599944
1.7858916493346186,0.2339344309112501
1.8349826983245392,0.22374828117343448
1.8854231746953571,0.21388623836203546
1.9372501718539958,0.20435152279938262
1.9905018028404813,0.1951463354691122
2.045217228355895,0.18627188333722955
2.101436685560733,0.17772840933394296
2.1592015176649175,0.16951522662350704
2.218554204331148,0.16163075676693006
2.2795383929140294,0.15407257136466435
2.3421989305578648,0.1468374367533618
2.4065818971768063,0.1399213613223722
2.4727346393415255,0.13331964501184512
2.5407058050974185,0.12702693055485081
2.6105453797398552,0.12103725603074822
2.68230472257287,0.11534410830578468
2.7560366046782456,0.10994047694939513
2.8317952477228463,0.10481890823051909
2.9096363638326483,0.09997155881717523
2.989617196562888,0.09539024882412805
3.071796562994358,0.0910665138774095
3.1562348969869105,0.08699165589029945
3.2429942936218654,0.08315679227277628
3.3321385548661238,0.07955290332498599
3.423733236491447,0.07617087759462415
3.517845696283534,0.07300155500785288
3.6145451435761915,0.07003576761318586
3.713902690147218,0.06726437780729477
3.8159914025132435,0.06467831394065482
3.920886355662107,0.062268603229027386
4.028664688262199,0.06002640192376718
4.139405659389491,0.056173852648298245
4.25319070681382,0.0525488380522427
4.370103506887361,0.049157753126347084
4.490230036079406,0.045985501906407156
4.613658634202537,0.04301796260193141
4.740480069376839,0.04024192473070133
4.870787604779793,0.03764503031016937
5.004677067231126,0.03521571884389518
5.142246917662815,0.03294317585812284
5.2835983235262765,0.030817284759397604
5.428835233189816,0.028828581798911016
5.578064452381256,0.026968213943088112
5.731395722731727,0.0252278994628742
5.88894180247855,0.023599891066275254
6.05081854938644,0.022076941410032407
6.217145005948186,0.02065227083689789
6.388043486927223,0.01931953719489248
6.563639669306675,0.018072807604187707
6.744062684710861,0.016906532045930015
6.929445214367448,0.015815518655431696
7.119923586679795,0.014794910609744062
7.315637877481495,0.013840164506722697
7.516732013046638,0.012947030139336624
7.723353875931794,0.01211153157518242
7.935655413727276,0.011329949456976917
8.153792750797852,0.01059880444523528
8.377926303094933,0.009914841729427547
8.608220896124918,0.009275016538661649
8.844845886160096,0.008676480587392493
9.08797528478155,0.008116569395817074
9.3377878868454,0.007592790428510945
9.594467401966819,0.007102811998502459
9.858202589618106,0.0066444528873905034
10.12918739794051,0.006215672635297116
10.407621106371607,0.005814562457429765
10.69370847219347,0.005439336746816225
10.987659881108984,0.005088325125385873
11.289691501957368,0.004759965008010895
11.600025445682427,0.004452794646405392
11.91888992867078,0.0041654466219158285
12.246519440579762,0.003896641758235333
12.583154916778742,0.0036451834269429976
12.929043915530416,0.0034099522205185704
13.284440800042749,0.003189900969118326
13.649606925524997,0.0029840500789288325
14.024810831385544,0.002791483171346347
14.410328438713183,0.002611343003568844
14.806443253186535,0.002442827652440783
15.213446573561264,0.002285186944562182
15.631637705888059,0.0021377191167701736
16.0613241836194,0.0019997676921264694
16.502821993766393,0.001870718557503906
16.956455809272388,0.0017499972297623048
17.42255922777402,0.0016370662983436843
17.901475016925662,0.0015314230329020035
18.3935553664671,0.0014325971453175738
18.899162147220295,0.001340148696133253
19.418667177205336,0.0012536661360926667
19.952452495071785,0.0011727644740619453
20.50091064104583,0.0010970835631793194
21.06444494560041,0.0010262864976029711
21.643469826060088,0.0009600581127200996
22.238411091359588,0.0008981035821405222
22.849706255179093,0.0008401471052292389
23.477804857687406,0.0007859306793351878
24.12316879612897,0.0007352129512506426
24.78627266449862,0.0006877681427882626
25.46760410255296,0.000643385045692913
26.167664154415675,0.0006018660814138743
26.88696763704004,0.0005630264215519121
27.62604351880032,0.0005266931650656794
28.385435308489434,0.0004927045685747195
29.165701455009863,0.00046090932633258494
29.96741575805097,0.0004311658966647919
30.79116779005574,0.00040334187187309937
31.63756332978606,0.00037731338880118856
32.50722480780628,0.00035296457743774133
33.400791764211995,0.0003301870451023113
34.318921318941655,0.00030887939391772577
35.26228865501551,0.0002889467694210082
36.2315875150584,0.0002703004383033582
37.22753071147065,0.0002528573933994495
38.250850650623406,0.0002365399841675715
39.30229987146244,0.00022127557101566162
40.38265159891771,0.00020699620193438497
41.49270031252466,0.00019363830999775483
42.63326233067691,0.00018114243038465057
43.80517641093765,0.00016945293566153626
45.00930436685401,0.00015851778814791637
46.24653170172543,0.0001482883082621709
47.517768259793925,0.0001387189578165052
48.82394889533375,0.00012976713729632864
50.16603416013418,0.00012139299622160649
51.54501100987904,0.0001135592557459915
52.96189352994393,0.00010623104270399542
54.41772368114376,9.937573436744285e-05
55.91357206598067,9.296281322010533e-05
57.45053871595357,8.696373110403383e-05
59.029753900510315,8.135178213280506e-05
60.65237895823567,7.610198380594128e-05
62.319607150888466,7.11909657952573e-05
64.03266454091356,6.659686590805831e-05
65.79281089307577,6.229923276404465e-05
67.60134060087736,5.827893475267887e-05
69.45958363844255,5.451807486571838e-05
71.36890653856618,5.099991102578365e-05
73.33071339764821,4.7708781556286585e-05
75.34644690825108,4.463003546093949e-05
77.41758942004199,4.174996720246884e-05
79.5456640298968,3.905575569019571e-05
81.73223570197023,3.653540720487195e-05
83.97891241855375,3.417770200669561e-05
86.28734636257008,3.1972144388819584e-05
88.6592351325709,2.9908915954012038e-05
91.0963229911337,2.797883190646938e-05
93.60040214757377,2.617330016420955e-05
96.1733140759176,2.448428311002554e-05
98.8169508691031,2.2904261810730135e-05
101.53325663040575,2.1426202545405918e-05
104.32422890311128,2.0043525493656887e-05
107.19192013948962,1.8750075444470815e-05
110.1384392101464,1.7540094395300185e-05
113.16595295486512,1.6408195919380328e-05
116.2766877760778,1.534934118717797e-05
119.47293127613989,1.4358816535224291e-05
122.75703393960852,1.3432212482478328e-05
126.1314108617651,1.2565404100807205e-05
129.5985435246506,1.1754532652200251e-05
133.16098162192327,1.0995988410970874e-05
136.82134493387647,1.0286394594477767e-05
140.58232525399723,9.622592330829832e-06
144.44668836848516,9.00162659665556e-06
148.41727609018196,8.420733062337784e-06
152.49700834841192,7.877325786152203e-06
156.6888853362668,7.368985702528804e-06
160.9959897169185,6.8934498531891385e-06
165.42148889057688,6.4486013132209125e-06
169.96863732376366,6.032459767243524e-06
174.6407789426124,5.6431726937132995e-06
179.4413495919592,5.279007118123373e-06
184.37387956202656,4.938341898386897e-06
189.44199618456287,4.619660508060225e-06
194.64942650034342,4.321544285279736e-06
200.00000000000009,4.042666117358438e-06
